,0
0,0.0
1,0.0
2,0.009920701
3,0.0
4,0.0018225587
5,0.0
6,0.0
7,0.0016137362
8,0.016981065
9,0.0
10,0.0
11,0.0
12,0.0
13,0.00030322815
14,0.018718809
15,0.0
16,0.00040180745
17,0.0037119742
18,0.0
19,0.0
20,0.004725728
21,0.0
22,0.0
23,0.0
24,0.017469563
25,0.0
26,0.012445331
27,0.0011218183
28,0.0
29,0.0
30,0.0
31,0.021746576
32,0.009351909
33,0.0
34,0.0
35,0.0
36,0.005709041
37,0.0
38,0.0
39,0.0
40,0.0
41,0.005767499
42,0.0
43,0.0
44,0.0023944378
45,0.0
46,8.478165e-05
47,0.0055120885
48,0.014735535
49,0.0
50,0.004942133
51,0.0
52,0.0
53,0.0067731664
54,0.0039112386
55,0.010274813
56,0.0015415605
57,0.0
58,0.01777181
59,0.0
60,0.0
61,0.010979608
62,0.00022880842
63,0.0
64,0.0
65,0.0
66,0.0
67,0.0
68,0.0039585573
69,0.0
70,0.003338737
71,0.0
72,0.0
73,0.0
74,0.0
75,0.0
76,0.012140483
77,0.01159668
78,0.008121895
79,0.0020201278
80,0.026750758
81,0.008075055
82,0.0
83,0.009323463
84,0.00677877
85,0.001014948
86,0.0
87,0.0
88,0.0048838733
89,0.0
90,0.0
91,0.0057583787
92,0.0
93,0.0044817626
94,0.015966792
95,0.0059077144
96,0.016066581
97,0.004082799
98,0.00034954562
99,0.0
100,0.0
101,0.026390374
102,0.0
103,0.0
104,0.03823164
105,0.0
106,0.018223986
107,0.0
108,0.0
109,0.0
110,0.0
111,0.022443756
112,-1.1976386e-05
113,0.0
114,0.0
115,0.0
116,0.00063788163
117,0.0
118,0.0
119,0.011852048
120,0.0
121,0.0
122,0.0
123,0.0059474166
124,0.0
125,0.0
126,0.01005047
127,0.0
128,0.006738944
129,0.010357566
130,0.0
131,0.0
132,0.0038677342
133,0.0
134,0.0059893206
135,0.0
136,0.0
137,0.009615481
138,0.0
139,0.0
140,0.0
141,0.0
142,0.0
143,0.0
144,0.0
145,0.0019378404
146,0.0154738575
147,0.0
148,0.0046107583
149,0.0
150,0.0
151,0.0
152,0.0
153,0.0
154,0.0
155,0.0
156,0.0
157,0.0
158,0.0
159,0.0
160,0.0
161,0.0
162,0.0
163,0.0
164,0.0
165,0.0
166,0.0
167,0.0
168,0.0
169,0.0
170,0.0
171,0.0
172,0.008263603
173,0.0
174,0.009209096
175,0.0
176,0.00037259582
177,0.0
178,0.007424444
179,0.0
180,0.0
181,0.002644376
182,0.0
183,0.0
184,0.022794962
185,0.0043234173
186,0.0
187,0.0
188,0.0
189,0.01853086
190,0.0068703033
191,0.010979958
192,0.0
193,0.0010603624
194,0.0
195,0.0
196,0.0
197,0.0
198,0.002276361
199,0.025227405
200,0.0
201,0.020286694
202,0.015267879
203,0.0
204,0.0
205,0.020258479
206,0.0
207,0.006025344
208,0.0055701137
209,0.0
210,0.0058249533
211,0.0
212,0.0
213,0.0
214,0.0
215,0.010680556
216,0.0
217,0.0
218,0.01609689
219,0.004629638
220,0.0
221,0.022418737
222,0.0
223,0.0
224,0.00784602
225,0.0
226,0.006501496
227,0.0
228,0.016966254
229,0.0
230,0.0
231,0.0
232,0.014860563
233,0.0
234,0.0
235,0.0
236,0.019464314
237,0.0
238,0.0
239,0.0
240,0.0
241,0.0
242,0.0
243,0.0
244,0.0
245,0.0036711693
246,0.015508696
247,0.011006132
248,0.0
249,0.0
250,0.0
251,-3.3343676e-06
252,0.0
253,0.0
254,0.0
255,0.019162431
256,0.0
257,0.0
258,0.0
259,0.015439695
260,0.009288654
261,0.0
262,0.0031096395
263,0.0
264,0.0021364987
265,0.0
266,0.013592698
267,0.0
268,0.0
269,0.0
270,0.012143966
271,0.0
272,0.0
273,0.0031791131
274,6.0274655e-05
275,0.0064563863
276,0.0
277,0.0
278,0.0
279,0.0
280,0.011357769
281,0.0048524747
282,0.0
283,0.0
284,0.0
285,0.0014045936
286,0.0
287,0.0022888067
288,0.006883383
289,0.0
290,0.0
291,0.009585567
292,0.0
293,0.0023395694
294,0.012708515
295,0.0023353521
296,0.0
297,0.011142485
298,0.010548793
299,0.0
300,0.0011926529
301,0.0
302,0.0
303,0.0
304,0.0
305,0.0066687874
306,0.0
307,0.0
308,0.0
309,0.030551657
310,0.0
311,0.0
312,0.0
313,0.0
314,0.0
315,0.0
316,0.016204402
317,0.0
318,0.0
319,0.017240286
320,0.0
321,0.032628566
322,0.0
323,0.0
324,0.0031007556
325,0.005597979
326,0.0004178204
327,0.0
328,0.017462492
329,0.0
330,0.0
331,0.0
332,0.022847444
333,0.010563478
334,0.0
335,0.011338145
336,0.0020844992
337,0.0
338,0.0034102798
339,0.0
340,0.0
341,0.0
342,0.0
343,0.0
344,0.0
345,0.0
346,0.0048724376
347,0.015796952
348,0.0
349,0.03652484
350,0.0
351,0.0062202555
352,0.005706027
353,0.03182742
354,0.011765033
355,0.0
356,6.169369e-05
357,0.0
358,0.04619614
359,0.0
360,0.0
361,0.0036067367
362,0.016672634
363,0.0
364,0.010877609
365,0.0
366,0.0
367,0.0
368,0.0
369,0.00059289765
370,0.017364055
371,0.009134531
372,0.0
373,0.0
374,0.0
375,0.023937464
376,0.0
377,0.0014326182
378,0.0052903574
379,0.021934867
380,0.0
381,0.006338969
382,0.0
383,0.0021821074
384,0.0
385,0.00032696794
386,0.0
387,0.0
388,0.0035199379
389,0.0
390,0.005726695
391,0.0
392,0.0
393,0.0
394,0.0
395,0.00825087
396,0.012992024
397,0.0
398,0.005671382
399,0.0
400,0.017808586
401,0.0011497242
402,0.0
403,0.011091754
404,0.0
405,0.0007648659
406,0.0
407,0.016029164
408,0.0
409,0.009807259
410,0.0
411,0.011610627
412,0.0021593668
413,0.00881274
414,0.018943667
415,0.002571173
416,0.0
417,0.007199649
418,0.0033683889
419,0.0
420,0.0
421,0.0
422,0.0
423,0.019998968
424,0.0
425,0.0
426,0.0032817302
427,0.014330253
428,0.0
429,0.00037028518
430,0.0
431,0.0
432,0.007967064
433,0.0
434,0.0
435,0.0135810375
436,0.0
437,0.0
438,0.0057735443
439,5.9206937e-05
440,0.0
441,0.013471693
442,0.0
443,0.0
444,0.011969954
445,0.0
446,0.00011995852
447,0.01649484
448,0.0
449,0.007468894
450,-0.00031068362
451,0.0
452,0.0057927817
453,0.0
454,0.0
455,0.020749688
456,0.0
457,0.0065996796
458,0.0
459,0.00941664
460,0.0
461,0.010357566
462,0.00035311142
463,0.0
464,-8.202404e-05
465,0.015566617
466,0.0
467,0.0099985
468,0.0
469,0.0
470,0.0
471,0.0013843789
472,0.0
473,0.0
474,0.0
475,0.0
476,0.00501836
477,0.0
478,0.0
479,0.0
480,0.0
481,0.0
482,0.0
483,0.0
484,0.0
485,0.0075626597
486,0.0
487,0.0
488,0.015130281
489,0.0008205731
490,0.0
491,0.015622169
492,0.0
493,0.0
494,0.0
495,0.0
496,0.0010489649
497,-0.0001359217
498,0.0
499,0.0026611472
500,0.0
501,0.0
502,0.00036302803
503,0.0018636901
504,0.005898118
505,0.0
506,0.0
507,0.0
508,0.0
509,-0.00043021562
510,0.017471336
511,0.014599718
512,0.013974316
513,0.0
514,0.0
515,0.0
516,0.026252687
517,0.0
518,0.0
519,0.0
520,0.010468245
521,0.0
522,0.0
523,0.0
524,0.0
525,0.00809752
526,0.0019527792
527,0.010233164
528,0.0
529,0.0
530,0.0
531,0.0008738085
532,0.0
533,0.010934547
534,0.0075011086
535,0.0011916298
536,0.0
537,0.017691836
538,0.0
539,0.0
540,0.0
541,0.0
542,0.013631038
543,0.0
544,0.0
545,0.0
546,0.0
547,0.0
548,0.0
549,0.0
550,0.0
551,0.029236436
552,0.002600628
553,0.004974828
554,0.0
555,0.014417529
556,0.013720691
557,0.0
558,0.0011576918
559,0.0
560,0.0
561,0.0
562,0.013015211
563,0.0
564,0.0
565,0.0
566,0.0
567,0.0
568,0.0
569,0.0007663942
570,0.0035456414
571,0.0
572,0.002169651
573,0.007822081
574,0.0
575,0.00881356
576,0.020713657
577,0.0
578,0.0
579,0.0023165236
580,0.0
581,0.0
582,0.0
583,0.010134893
584,0.020587862
585,0.0
586,0.006154594
587,0.0
588,0.00088471663
589,0.0
590,0.0025409115
591,0.0053813253
592,0.00023779427
593,0.0
594,0.0
595,0.0
596,0.045639604
597,0.0
598,0.0
599,0.0
600,0.0
601,0.001036169
602,0.0
603,0.000335766
604,0.0
605,0.012277547
606,0.0
607,0.0041978825
608,0.0
609,0.0
610,0.0
611,0.012420291
612,0.0
613,0.014633909
614,0.0018932521
615,0.020391509
616,0.0
617,0.0
618,0.0023297402
619,0.0
620,0.0
621,0.008726671
622,0.009566199
623,0.0
624,0.0
625,0.0
626,0.009542257
627,0.013060935
628,0.005560577
629,0.0
630,0.007103026
631,0.0
632,0.0070966184
633,0.017112017
634,0.0
635,0.0
636,0.0013835342
637,0.0
638,0.0
639,0.00077412877
640,0.0
641,0.00011934416
642,0.0
643,0.0
644,0.0
645,0.0
646,0.0
647,0.0028189728
648,0.02109687
649,0.0
650,0.0
651,0.0
652,0.022674426
653,0.0
654,0.0
655,0.0
656,0.020314962
657,0.009320334
658,0.0051823854
659,0.01484561
660,0.0
661,0.0
662,0.0
663,0.002159435
664,0.0
665,0.0
666,0.0
667,0.0
668,0.0
669,0.0
670,0.0
671,0.0
672,0.0
673,0.0
674,0.0
675,0.0
676,0.019694157
677,0.0
678,0.0
679,0.0
680,0.0010980736
681,0.0
682,0.0
683,0.0007487836
684,0.0064816475
685,0.026849508
686,0.0
687,0.0
688,0.024230331
689,0.0
690,0.01569634
691,0.0
692,0.0
693,0.0
694,0.0016513881
695,0.019684985
696,0.00890258
697,0.0
698,0.0
699,0.0
700,0.0056777783
701,0.0
702,0.0
703,0.0
704,0.0
705,0.0040284917
706,0.0
707,0.0
708,0.0
709,0.0
710,0.0
711,0.0
712,0.03840804
713,0.0
714,0.0
715,0.0
716,0.0
717,0.0
718,0.0
719,0.0
720,0.0
721,0.0
722,0.0
723,0.0
724,0.0
725,0.0
726,0.0
727,0.021792471
728,0.0031685662
729,0.0
730,0.0
731,0.0
732,0.012980759
733,0.0
734,0.0010197
735,0.007303074
736,0.0
737,0.0
738,0.0
739,0.016757667
740,0.0
741,0.0
742,0.034297444
743,0.0
744,0.0
745,0.0
746,0.0035614874
747,0.0
748,0.001292454
749,0.006401336
750,0.007733643
751,0.0
752,0.009438962
753,0.001911723
754,0.0
755,0.0
756,0.0
757,0.0
758,0.0061990283
759,0.010344237
760,0.0
761,0.0
762,0.0
763,0.007411685
764,0.0
765,0.026198328
766,0.0
767,0.009574562
768,0.011676714
769,0.0
770,0.0
771,0.0
772,0.0
773,0.009968244
774,0.0047007203
775,0.0
776,0.0
777,0.0
778,0.0045072734
779,0.00840207
780,0.0
781,0.0
782,0.0
783,0.0011558309
784,0.01468531
785,0.00088420673
786,0.0
787,0.0053838193
788,0.0
789,0.0
790,0.0025566267
791,0.008097291
792,0.023994967
793,0.0039053466
794,0.0083886385
795,0.0032355306
796,0.0
797,0.014380053
798,0.0
799,0.0
800,0.0
801,0.0
802,0.0
803,0.0
804,0.0
805,0.0019863043
806,0.0
807,0.0
808,0.000314105
809,0.014777616
810,0.0
811,0.0
812,0.0
813,5.9333237e-05
814,0.00056137424
815,0.006533129
816,0.011776015
817,0.0077043846
818,0.0
819,0.0
820,0.0
821,0.0
822,0.00021435367
823,0.0
824,0.0
825,0.0076504163
826,0.0
827,0.0
828,0.0
829,0.013292253
830,0.0
831,0.012728304
832,0.0023659999
833,0.001149246
834,0.0
835,0.01581718
836,0.0
837,0.0
838,0.0
839,0.0
840,0.0052320063
841,0.0
842,0.0
843,0.006452147
844,0.004712507
845,0.00016355794
846,0.0
847,0.0
848,0.0
849,0.0
850,0.0
851,0.0
852,0.027134866
853,0.0
854,0.00019162912
855,0.006640345
856,0.008600146
857,0.0
858,0.0
859,0.0
860,0.023129754
861,0.0
862,0.0
863,0.0
864,0.0016119072
865,0.0070750862
866,0.00017097603
867,0.0
868,0.0
869,0.0
870,0.0
871,0.00249964
872,0.0
873,0.0
874,0.0
875,0.026312858
876,0.0
877,7.373532e-05
878,0.0
879,0.00020708836
880,0.015309304
881,0.0
882,0.0038168011
883,0.0
884,0.0
885,0.0
886,0.0
887,0.015617847
888,0.0
889,0.010594519
890,0.0
891,0.0024585128
892,0.0
893,0.015839785
894,0.0
895,0.0
896,0.0
897,0.0
898,0.0
899,0.0
900,0.019114316
901,0.0
902,0.0
903,0.014140174
904,0.009139027
905,0.0073430724
906,0.036147654
907,0.0
908,0.0018884796
909,0.02178502
910,0.0
911,0.0
912,0.007812321
913,0.0012769415
914,0.0
915,0.0
916,0.009939134
917,0.0
918,0.015560813
919,0.012673438
920,0.016045623
921,0.0
922,0.006853342
923,0.0
924,0.0
925,0.0
926,0.0
927,0.019470349
928,0.016068041
929,0.0
930,0.004014834
931,0.0
932,0.0
933,0.0
934,0.0005074758
935,0.0
936,0.005972553
937,0.0
938,0.009860486
939,0.0
940,0.0
941,0.0
942,0.0
943,0.0
944,0.009047449
945,0.0
946,0.0
947,0.0
948,0.0
949,0.0
950,0.0
951,0.00084316445
952,0.0
953,0.0007290889
954,0.044132855
955,0.0
956,0.0
957,0.0
958,0.0
959,0.01578927
960,0.007024277
961,0.0
962,0.0
963,0.0
964,0.0
965,0.0
966,0.00726822
967,0.0
968,0.0
969,0.009437531
970,0.007390067
971,0.0
972,0.0
973,0.012985069
974,0.0
975,0.0009777511
976,0.002138889
977,0.0
978,0.0
979,0.0
980,0.0
981,0.0
982,0.013518453
983,0.0
984,0.0
985,0.029910758
986,0.0
987,0.00036342232
988,0.000116605275
989,0.005459547
990,0.0
991,0.00030477648
992,0.0
993,0.022510156
994,0.0
995,0.0
996,0.0
997,0.0
998,0.0
999,0.0
1000,0.0
1001,0.0
1002,0.0
1003,0.0
1004,0.0
1005,0.0
1006,0.0
1007,0.0
1008,0.006521702
1009,0.0
1010,0.0
1011,0.0
1012,0.0
1013,0.0
1014,-0.00010108098
1015,0.0025479351
1016,0.0033567706
1017,0.0022368114
1018,0.005812999
1019,0.0025822627
1020,0.0
1021,0.00014083319
1022,0.0
1023,0.0018537021
1024,0.001417283
1025,0.0
1026,0.015559226
1027,0.010012895
1028,0.0070369095
1029,0.0
1030,0.014154866
1031,0.0
1032,0.015234783
1033,0.006855458
1034,0.0
1035,0.0
1036,0.008861661
1037,0.0
1038,0.0
1039,0.0
1040,0.00019680278
1041,0.0
1042,0.0
1043,0.0
1044,0.0036079306
1045,0.0
1046,0.0
1047,0.0
1048,0.0
1049,0.010975659
1050,0.017583132
1051,0.0
1052,0.0010758119
1053,0.0
1054,0.0068730116
1055,0.006831065
1056,0.0
1057,0.0
1058,0.0019563697
1059,0.0
1060,0.0
1061,0.0
1062,0.0
1063,0.00079603726
1064,0.016340673
1065,0.02718483
1066,0.007464217
1067,0.0
1068,0.007606061
1069,0.0035443427
1070,0.0
1071,0.0
1072,0.0
1073,0.0
1074,0.0
1075,0.0
1076,0.0057186186
1077,0.0
1078,0.0
1079,0.0
1080,0.0012147073
1081,0.0
1082,0.0
1083,0.00047186238
1084,0.0
1085,0.0
1086,0.01648596
1087,0.0
1088,0.0
1089,8.695247e-05
1090,0.014330499
1091,0.014683783
1092,0.008110233
1093,0.0
1094,0.011353731
1095,0.0
1096,0.0
1097,0.0
1098,0.0
1099,0.02158622
1100,0.01689066
1101,0.017674152
1102,0.0
1103,0.0
1104,0.007218264
1105,0.0
1106,0.027243495
1107,0.01589775
1108,0.012135446
1109,0.018331736
1110,0.0081602335
1111,0.0
1112,0.0
1113,0.009803202
1114,0.022564828
1115,0.0
1116,0.0017553314
1117,0.011168852
1118,0.0
1119,0.0
1120,0.0
1121,0.0
1122,0.0
1123,3.331575e-05
1124,0.0054104775
1125,0.010147896
1126,0.008646876
1127,0.0
1128,0.0
1129,0.0028819265
1130,0.0
1131,0.0
1132,0.006355524
1133,0.002719031
1134,0.0
1135,0.0044116424
1136,0.0
1137,0.02935958
1138,0.0091992915
1139,0.0061268443
1140,0.0031500855
1141,0.020945057
1142,0.0
1143,0.0
1144,0.0
1145,0.002652741
1146,0.0055048075
1147,0.0
1148,0.0
1149,0.0
1150,0.009073883
1151,0.004731357
1152,0.0
1153,0.0
1154,0.0
1155,0.0
1156,0.0
1157,0.030111015
1158,0.0
1159,0.0
1160,0.003665193
1161,0.0
1162,0.012871966
1163,0.018147096
1164,0.016394868
1165,0.016499832
1166,0.0027877092
1167,0.0
1168,0.0
1169,0.0053786226
1170,0.0
1171,0.0
1172,0.0
1173,0.0
1174,0.0
1175,0.0
1176,0.0
1177,0.0
1178,0.00026928267
1179,0.0
1180,0.014826916
1181,0.0023253234
1182,0.02450186
1183,0.0
1184,0.0055463016
1185,0.0051993933
1186,0.0
1187,0.005364448
1188,0.0
1189,0.0
1190,0.018685997
1191,0.0014873473
1192,0.0
1193,0.006396733
1194,0.0033637583
1195,0.0
1196,0.0
1197,0.0
1198,0.0
1199,0.0
1200,0.0
1201,0.0
1202,0.0
1203,0.0
1204,0.0038309544
1205,0.0
1206,0.0
1207,0.023501307
1208,0.0064972155
1209,0.0
1210,0.015753746
1211,0.0
1212,0.0
1213,0.0
1214,0.0
1215,0.00057583046
1216,0.0012069573
1217,0.0
1218,0.0
1219,0.0
1220,0.0
1221,0.000201041
1222,0.009577744
1223,0.01268746
1224,0.013077229
1225,0.0104774535
1226,0.017723337
1227,0.0
1228,0.0315558
1229,0.0
1230,0.0
1231,0.022554934
1232,0.0069363713
1233,0.0
1234,0.0
1235,0.003428176
1236,0.0
1237,0.0
1238,0.010006875
1239,0.0
1240,0.0
1241,0.016789436
1242,0.0
1243,0.0018098287
1244,0.0
1245,0.0
1246,0.0
1247,0.0
1248,0.0
1249,0.011065051
1250,0.0
1251,0.0
1252,0.0
1253,0.0
1254,0.013703495
1255,-1.9386622e-05
1256,0.0
1257,0.015001133
1258,0.008639231
1259,0.0
1260,0.016859561
1261,0.0
1262,0.011300854
1263,0.0
1264,0.0
1265,0.0
1266,0.0
1267,0.0
1268,0.0
1269,0.017984226
1270,0.0062034465
1271,0.0
1272,0.014246702
1273,0.0026220116
1274,0.0
1275,0.0
1276,0.0
1277,0.0
1278,0.0
1279,0.0
1280,0.0
1281,0.013723493
1282,0.014687516
1283,0.022102177
1284,0.0
1285,0.01567001
1286,0.0
1287,0.0
1288,0.0
1289,0.017451584
1290,0.0005208065
1291,0.0
1292,0.009581745
1293,0.0
1294,0.0
1295,0.0
1296,0.0044494458
1297,0.0
1298,0.019947499
1299,0.0
1300,0.01439172
1301,0.0035553481
1302,0.024025768
1303,0.000330728
1304,0.0032880874
1305,0.0
1306,0.007535577
1307,0.0
1308,0.0047664754
1309,0.0
1310,0.007073313
1311,0.0056136623
1312,0.0
1313,0.007807784
1314,0.0
1315,0.0
1316,0.0
1317,0.0
1318,0.0
1319,0.0
1320,0.0
1321,0.0
1322,0.004391916
1323,0.012210369
1324,0.0
1325,0.0
1326,0.0
1327,0.0058549773
1328,0.011381585
1329,0.0011320319
1330,0.0
1331,0.0
1332,0.0
1333,0.0
1334,0.00040474557
1335,0.0
1336,0.0
1337,0.0
1338,0.006672457
1339,0.0
1340,0.0
1341,0.0079920925
1342,0.0
1343,0.0
1344,0.016205177
1345,0.0035489555
1346,0.0015561411
1347,0.0
1348,0.0
1349,0.015820771
1350,0.0
1351,0.0032884208
1352,0.0013973162
1353,0.0
1354,0.0132228285
1355,0.0
1356,0.0074802265
1357,0.0
1358,0.0
1359,0.012354463
1360,0.009331092
1361,0.001726949
1362,0.0
1363,0.0
1364,0.0
1365,0.0025882442
1366,0.011719435
1367,0.013008893
1368,0.008379042
1369,0.0
1370,0.0
1371,0.004118387
1372,0.0
1373,0.009547956
1374,0.007231217
1375,0.009691298
1376,0.007046193
1377,0.0
1378,0.009845853
1379,0.0
1380,0.0
1381,0.0
1382,0.0
1383,0.009669006
1384,0.0
1385,0.0
1386,0.015260488
1387,0.0026143193
1388,0.005445143
1389,0.0
1390,0.0
1391,0.009111047
1392,0.0015516308
1393,0.0011110858
1394,0.0
1395,0.0070484728
1396,0.0
1397,0.008273095
1398,0.007722417
1399,0.0
1400,0.018127799
1401,0.0
1402,0.0
1403,0.0
1404,0.0
1405,0.0
1406,0.00944569
1407,0.0
1408,0.010891799
1409,0.0
1410,0.011300474
1411,0.0
1412,0.0
1413,0.0
1414,0.0
1415,0.0
1416,0.0
1417,0.0
1418,0.0
1419,0.0
1420,0.0
1421,0.0
1422,0.012473509
1423,0.0
1424,0.00070509384
1425,0.008980997
1426,0.0
1427,0.0
1428,0.005040478
1429,0.0036270022
1430,0.0
1431,0.0
1432,0.016222686
1433,0.0
1434,0.019429564
1435,0.0
1436,0.0012600548
1437,0.011681557
1438,0.0066259415
1439,0.011500038
1440,0.008589014
1441,0.0
1442,0.0
1443,0.0
1444,0.009008229
1445,0.0
1446,0.0
1447,0.0
1448,0.0
1449,0.0
1450,0.0
1451,0.0
1452,0.0
1453,0.014690414
1454,0.0
1455,0.0
1456,0.0
1457,0.0031945491
1458,0.0
1459,0.0
1460,0.0
1461,0.0
1462,0.0
1463,0.0
1464,0.005918145
1465,0.021336082
1466,0.004310727
1467,0.005990231
1468,0.0
1469,0.0007179558
1470,0.0019488921
1471,0.0
1472,0.0
1473,0.0013596928
1474,0.0
1475,0.0
1476,0.0
1477,0.0
1478,0.0
1479,0.0
1480,0.0
1481,0.0011524959
1482,0.0
1483,0.0
1484,0.0
1485,0.022187889
1486,0.0
1487,0.010663778
1488,0.0
1489,0.02001033
1490,0.0
1491,0.0017698663
1492,0.0
1493,0.0076412186
1494,0.0
1495,0.0
1496,0.0
1497,0.0
1498,0.0
1499,0.007991298
1500,0.0
1501,0.007861435
1502,0.0
1503,0.0
1504,0.0012455606
1505,0.0057399273
1506,0.003060419
1507,0.0
1508,0.0019458686
1509,0.0
1510,0.0
1511,0.0018823784
1512,0.0
1513,0.0
1514,0.0
1515,0.0
1516,0.0
1517,0.0
1518,0.008343317
1519,0.0
1520,0.0
1521,0.016582213
1522,0.014637843
1523,0.0014994368
1524,0.0
1525,0.0
1526,0.015532911
1527,0.0
1528,0.01221472
1529,0.005579084
1530,0.0
1531,0.008106887
1532,0.0
1533,0.0
1534,0.0043746233
1535,1.6236463e-05
1536,0.01116921
1537,0.010949515
1538,0.0
1539,0.0030423512
1540,0.010013096
1541,0.0033614635
1542,0.005925849
1543,0.009055793
1544,0.0008505797
1545,0.011207376
1546,0.0
1547,0.0003737756
1548,0.0
1549,0.011771642
1550,0.0
1551,0.0
1552,0.012974933
1553,0.0
1554,0.0
1555,0.0
1556,0.0
1557,0.006503692
1558,0.0
1559,0.0
1560,0.0
1561,0.0
1562,0.0
1563,0.0
1564,0.01084587
1565,0.0
1566,0.0
1567,0.011346377
1568,0.0
1569,0.0
1570,0.0
1571,0.016827926
1572,0.0
1573,0.032317877
1574,0.0073660836
1575,0.00018867676
1576,0.0
1577,-2.0460093e-06
1578,0.0
1579,0.0
1580,0.0
1581,0.0
1582,0.0
1583,0.0
1584,0.012530889
1585,0.009299457
1586,0.0
1587,0.0011921469
1588,0.0
1589,0.0
1590,0.0
1591,0.0
1592,0.0
1593,0.0
1594,0.0045965984
1595,0.0
1596,0.0
1597,0.006309092
1598,0.019947827
1599,0.009002373
1600,0.0
1601,0.0
1602,0.0
1603,0.0
1604,0.0034883916
1605,0.0071211625
1606,0.008930713
1607,0.0072461665
1608,0.0
1609,0.0
1610,0.0
1611,0.0
1612,0.0
1613,0.0
1614,0.0028767968
1615,0.02041164
1616,0.0
1617,8.1272534e-05
1618,0.0
1619,0.0
1620,0.0
1621,0.0
1622,0.0
1623,0.0007691372
1624,0.0
1625,0.0
1626,0.0
1627,0.010504695
1628,0.0
1629,0.0
1630,0.0
1631,0.009214316
1632,0.0
1633,0.0
1634,0.0002947799
1635,0.0
1636,0.0049647093
1637,0.0
1638,0.0
1639,0.0016698898
1640,0.0
1641,0.013489425
1642,0.0
1643,0.024553403
1644,0.0
1645,0.009793125
1646,0.021014899
1647,0.0
1648,0.0
1649,0.0
1650,0.001335217
1651,0.013247445
1652,0.0023213709
1653,0.0
1654,0.00037963968
1655,0.0
1656,0.022971049
1657,0.0
1658,0.0024248846
1659,0.00027862092
1660,0.017112732
1661,0.021097064
1662,0.0
1663,0.00059679523
1664,0.0
1665,0.0
1666,0.0021275193
1667,0.0
1668,0.0
1669,0.0033180453
1670,0.011598453
1671,0.0
1672,0.0
1673,0.0018141828
1674,0.028305367
1675,0.0
1676,0.0
1677,0.002295251
1678,0.0
1679,0.0
1680,0.01316607
1681,0.0
1682,0.0
1683,0.0
1684,0.0053648306
1685,0.031409398
1686,0.00705418
1687,0.016221762
1688,0.0
1689,0.0068600513
1690,0.0
1691,0.0
1692,0.0
1693,0.0
1694,0.0047116578
1695,0.003183186
1696,0.0
1697,0.0
1698,0.0
1699,0.019996703
1700,0.0
1701,0.0
1702,0.0
1703,0.0
1704,0.0006868587
1705,0.0
1706,0.0
1707,0.0
1708,0.007328421
1709,0.015408553
1710,0.006296303
1711,0.0
1712,0.0043745935
1713,0.0056121945
1714,0.0
1715,0.0
1716,0.0
1717,0.0074406676
1718,0.0
1719,0.00958702
1720,0.0
1721,0.0
1722,0.0
1723,0.0
1724,0.02288562
1725,0.0
1726,0.0
1727,0.0
1728,0.0
1729,0.027555108
1730,0.0
1731,0.0
1732,0.015654325
1733,0.014394641
1734,0.0
1735,0.004859753
1736,0.0044410275
1737,0.0
1738,0.0
1739,0.0013171936
1740,0.0
1741,0.003290268
1742,0.008076578
1743,0.0
1744,0.0036506392
1745,0.0075541884
1746,0.009151392
1747,0.0
1748,0.0
1749,0.015484482
1750,0.0
1751,0.0076654553
1752,0.0020476726
1753,0.00059374387
1754,0.0055491985
1755,0.0
1756,0.01389179
1757,0.0068061724
1758,0.0
1759,0.0
1760,0.011420026
1761,0.019040406
1762,0.0
1763,0.0
1764,0.002643411
1765,0.000297013
1766,0.0
1767,0.008722819
1768,0.0
1769,0.0
1770,0.012243852
1771,0.0
1772,0.0
1773,0.0
1774,0.012503445
1775,0.0
1776,0.0
1777,0.0
1778,0.00860019
1779,0.0032836916
1780,0.01023603
1781,0.0
1782,0.006270486
1783,0.008054614
1784,0.0
1785,0.0
1786,0.0
1787,0.0
1788,0.0
1789,0.0
1790,0.010431781
1791,0.0
1792,0.0
1793,0.010823976
1794,0.009628534
1795,0.0
1796,0.00055474555
1797,0.0
1798,0.0
1799,0.0
1800,0.010405406
1801,0.00397518
1802,0.0016596471
1803,0.0
1804,0.0052671144
1805,0.0
1806,0.012150317
1807,0.0
1808,0.0058524013
1809,0.0
1810,0.00060367084
1811,0.007695891
1812,0.0
1813,0.0
1814,0.010501251
1815,0.0
1816,0.0069933534
1817,0.0045881025
1818,0.0
1819,0.022162959
1820,0.00013286242
1821,0.0
1822,0.0
1823,0.0
1824,0.0
1825,0.0
1826,0.0057591945
1827,0.0
1828,0.0
1829,0.018878374
1830,0.0
1831,0.008179665
1832,0.0
1833,0.023097456
1834,0.010508157
1835,0.006581614
1836,0.0
1837,0.0
1838,0.0045072585
1839,0.0
1840,0.0
1841,0.0
1842,0.009501364
1843,0.0
1844,0.0004479865
1845,0.0031548375
1846,0.0
1847,0.0
1848,0.0072138608
1849,0.0
1850,0.0260365
1851,0.0
1852,0.01175113
1853,0.0
1854,0.005608529
1855,0.009582102
1856,0.0
1857,0.0
1858,0.012420535
1859,0.008596957
1860,0.0
1861,0.0
1862,0.005579531
1863,0.016715497
1864,0.00070412504
1865,0.0
1866,0.00046805758
1867,0.0
1868,0.0
1869,0.0
1870,0.0
1871,0.0
1872,0.0
1873,0.019148499
1874,0.0
1875,0.0
1876,0.0
1877,0.000680218
1878,0.0
1879,0.020010397
1880,0.0
1881,0.013431966
1882,0.0
1883,0.0
1884,0.0044440217
1885,0.0
1886,0.023915887
1887,0.00068961177
1888,0.0
1889,0.0
1890,0.0
1891,0.0
1892,0.0
1893,0.0
1894,0.00047604556
1895,0.012649696
1896,0.0
1897,0.0
1898,0.0
1899,0.0
1900,0.0
1901,0.0
1902,0.0
1903,0.0068082493
1904,0.0
1905,0.0
1906,0.0
1907,0.009918608
1908,0.0144170895
1909,0.002495803
1910,0.0
1911,0.0
1912,0.008788027
1913,0.0
1914,0.0
1915,0.002460735
1916,0.0
1917,0.0
1918,0.0005979815
1919,0.0
1920,0.0
1921,0.0
1922,0.0
1923,0.008646473
1924,0.0
1925,0.0
1926,0.0
1927,0.0
1928,0.006001197
1929,0.0044050114
1930,0.0
1931,0.0
1932,0.0
1933,0.008297801
1934,0.0068540275
1935,0.004101849
1936,0.011877008
1937,0.009180255
1938,0.00498797
1939,0.0
1940,0.033565566
1941,0.0
1942,0.0015922049
1943,0.0
1944,0.0007298889
1945,0.0
1946,0.0
1947,0.0
1948,0.005526483
1949,0.0
1950,0.014493093
1951,0.0
1952,0.018695831
1953,0.017277088
1954,0.0
1955,0.0
1956,0.0
1957,0.0
1958,0.0
1959,0.0
1960,0.01024726
1961,0.0
1962,5.8350015e-05
1963,0.0047460403
1964,0.013624467
1965,0.0
1966,0.02714631
1967,0.0
1968,0.0
1969,0.008163869
1970,0.0
1971,0.014758572
1972,0.0
1973,0.0
1974,0.0
1975,0.0
1976,0.0
1977,0.0
1978,0.0
1979,0.0
1980,0.00600883
1981,0.0
1982,0.00011355011
1983,0.008999057
1984,0.0
1985,0.0
1986,0.0
1987,0.019371971
1988,0.006277306
1989,0.0
1990,0.0
1991,0.0016673841
1992,0.0
1993,0.0
1994,0.0058336705
1995,0.0076318905
1996,0.0
1997,0.008323051
1998,0.0
1999,0.0
2000,0.007705897
2001,0.005936671
2002,0.0
2003,0.008192226
2004,0.015526116
2005,0.006282095
2006,0.0017084763
2007,0.00024467095
2008,0.0
2009,0.0
2010,0.0
2011,0.0
2012,0.0
2013,0.010284796
2014,0.0
2015,0.009695169
2016,0.0
2017,0.0
2018,0.015883267
2019,0.0
2020,0.0068354085
2021,0.00063477375
2022,0.0
2023,0.019106999
2024,0.0
2025,0.0
2026,0.0
2027,0.0
2028,0.012431636
2029,0.0
2030,0.0
2031,0.0007026291
2032,0.0006804705
2033,0.00031171337
2034,0.010542024
2035,0.004430145
2036,0.0059728473
2037,0.0
2038,0.0
2039,0.0
2040,0.0
2041,0.0
2042,0.0
2043,0.0
2044,0.0
2045,0.0
2046,0.0
2047,0.0
2048,0.0
2049,0.0
2050,0.0
2051,0.015133634
2052,0.0
2053,0.0
2054,0.013283178
2055,0.013057426
2056,0.01958251
2057,0.005766711
2058,0.008661777
2059,0.0
2060,0.0
2061,0.0
2062,0.0
2063,0.02217102
2064,0.0074804425
2065,0.012836218
2066,0.0016781632
2067,0.0
2068,0.0
2069,0.0
2070,0.00016285115
2071,0.0
2072,0.00019628915
2073,0.022331864
2074,0.0
2075,0.012045182
2076,0.0006261335
2077,0.0
2078,0.0
2079,0.019160986
2080,0.022538215
2081,0.0
2082,0.007066831
2083,0.0
2084,0.0
2085,0.0
2086,0.0026999759
2087,0.0
2088,0.0
2089,0.0
2090,0.010829937
2091,0.01595679
2092,0.0
2093,0.014714941
2094,0.0
2095,0.0
2096,0.0
2097,0.0
2098,0.008069925
2099,0.0
2100,0.00042845332
2101,0.016983885
2102,0.0
2103,0.00058611657
2104,0.00083772535
2105,0.0
2106,0.0
2107,0.0
2108,0.0005211086
2109,0.00022072988
2110,0.0
2111,0.0
2112,0.0
2113,0.0
2114,0.0
2115,0.0
2116,0.0
2117,0.0049599484
2118,0.0025591673
2119,0.0
2120,0.0
2121,0.0
2122,0.0
2123,0.0
2124,0.00079104304
2125,0.0
2126,0.0
2127,0.025068253
2128,0.0019259523
2129,0.0
2130,0.013671376
2131,0.0
2132,0.0021556523
2133,0.01530984
2134,0.0
2135,0.0
2136,0.0
2137,0.0
2138,0.0
2139,0.0
2140,0.0
2141,0.0
2142,0.0
2143,0.0
2144,0.014084883
2145,0.0098419
2146,0.0065870844
2147,0.0
2148,0.0
2149,0.0
2150,0.0
2151,0.0
2152,0.0
2153,0.0
2154,0.0
2155,0.012925878
2156,0.023836285
2157,0.0065171793
2158,0.0
2159,0.0
2160,0.0
2161,0.0
2162,0.0075400136
2163,0.0
2164,0.0
2165,0.0016635638
2166,0.0
2167,0.00042065568
2168,0.0
2169,0.00012912764
2170,0.0026274323
2171,0.0
2172,0.0
2173,0.00484189
2174,0.0
2175,0.0
2176,0.0
2177,0.0
2178,0.0
2179,0.016467236
2180,0.0
2181,0.0
2182,0.006544411
2183,0.0081177205
2184,0.0
2185,0.0
2186,0.016772747
2187,0.0
2188,0.0
2189,0.0
2190,0.0009187951
2191,0.013296366
2192,0.0
2193,0.0
2194,0.0068176575
2195,0.0
2196,0.009506911
2197,0.0
2198,0.0
2199,0.0
2200,0.0
2201,0.019337267
2202,0.0
2203,0.0
2204,0.004228711
2205,0.0
2206,0.005792886
2207,0.0
2208,0.0030492842
2209,0.0
2210,0.0
2211,0.0
2212,0.0
2213,4.4369917e-05
2214,0.0
2215,0.0051089525
2216,0.0
2217,0.0
2218,0.015010312
2219,0.0022135423
2220,0.0
2221,0.0
2222,0.0
2223,0.006883651
2224,0.0021364149
2225,0.017470509
2226,0.0054296553
2227,0.0
2228,0.0
2229,0.0015772367
2230,0.0
2231,0.0
2232,0.014092267
2233,0.0
2234,0.0
2235,0.0035233777
2236,0.0076851696
2237,0.0100981
2238,0.0007770986
2239,0.0
2240,0.0055357413
2241,0.0
2242,0.0
2243,0.0
2244,0.0040911585
2245,0.0
2246,0.0
2247,0.0
2248,0.0027422924
2249,0.0
2250,0.0
2251,0.0
2252,0.004594218
2253,0.0
2254,0.0
2255,0.0
2256,0.0004734333
2257,0.0
2258,-0.0001576182
2259,0.0
2260,0.0
2261,0.0009147001
2262,0.004972022
2263,0.0
2264,0.012009621
2265,0.010164231
2266,0.0
2267,0.013805017
2268,0.0
2269,0.0
2270,0.0
2271,0.015089646
2272,0.0024311496
2273,0.0049182065
2274,0.006156072
2275,0.0
2276,0.0
2277,0.0
2278,0.018177867
2279,0.0
2280,0.01608257
2281,0.011765122
2282,0.011497989
2283,0.0041454616
2284,0.018135272
2285,0.0
2286,0.0
2287,0.0
2288,0.0
2289,0.0
2290,0.0
2291,0.00713104
2292,0.0
2293,0.0
2294,0.0
2295,0.0
2296,0.0
2297,0.03365451
2298,0.0
2299,0.010551114
2300,0.0
2301,0.0
2302,0.007794738
2303,0.018520057
2304,0.0
2305,0.005812824
2306,0.008423328
2307,0.0
2308,0.0010300849
2309,0.0076389434
2310,0.0
2311,0.013920449
2312,0.0010642167
2313,0.0023468577
2314,0.0
2315,0.0
2316,0.0
2317,0.0
2318,0.00651934
2319,0.00041965296
2320,0.0
2321,0.0
2322,0.0075199604
2323,0.0
2324,0.0
2325,0.0
2326,0.00019340822
2327,0.015752867
2328,0.0
2329,0.0
2330,0.0
2331,0.0
2332,0.0
2333,0.0011151973
2334,0.0
2335,0.0
2336,0.0018218572
2337,0.00028080159
2338,0.0138524175
2339,0.0
2340,0.01491034
2341,0.0
2342,0.0025173984
2343,0.0
2344,0.0
2345,0.0
2346,0.0013145537
2347,0.0059687756
2348,0.0
2349,0.009344235
2350,0.0
2351,0.0015774369
2352,0.0
2353,0.0154742
2354,0.0
2355,0.0
2356,0.0
2357,0.018042088
2358,0.006873846
2359,0.0
2360,0.0
2361,0.0021497812
2362,0.0
2363,0.00013282287
2364,0.016525865
2365,0.0
2366,0.0
2367,0.008722976
2368,0.00081488845
2369,0.011439405
2370,0.0
2371,0.000699528
2372,0.018681645
2373,0.00063689786
2374,0.0030643507
2375,0.05428672
2376,0.0
2377,0.0
2378,0.00073847175
2379,0.0
2380,0.0011343928
2381,0.0060513243
2382,0.0
2383,0.016259864
2384,0.0
2385,0.0
2386,0.0
2387,0.0
2388,0.0
2389,0.0
2390,0.004384811
2391,0.0
2392,0.0
2393,0.0046597905
2394,0.0
2395,0.0019483911
2396,0.0
2397,0.005149926
2398,0.0
2399,0.0
2400,0.009371325
2401,0.011047579
2402,0.009580255
2403,0.0
2404,0.0057134014
2405,0.017107576
2406,0.0
2407,0.0044501983
2408,0.0028391993
2409,0.0
2410,0.0
2411,0.0
2412,0.0
2413,0.003098248
2414,0.0
2415,0.0
2416,0.0
2417,0.0
2418,0.0
2419,0.013017982
2420,0.0
2421,0.0005250091
2422,0.009701148
2423,0.0
2424,0.0
2425,0.015073538
2426,0.0
2427,0.0
2428,0.0
2429,0.0
2430,0.019290596
2431,0.0
2432,0.0
2433,0.015572466
2434,0.0
2435,0.02348572
2436,0.0
2437,0.008609101
2438,0.0
2439,4.2164273e-05
2440,0.007847611
2441,0.0
2442,0.0
2443,0.0
2444,0.0
2445,0.0
2446,0.0
2447,0.0
2448,0.0
2449,0.0
2450,0.0
2451,0.0
2452,0.0
2453,0.0032570378
2454,0.009839803
2455,0.003218853
2456,0.0
2457,0.0021561347
2458,0.0
2459,0.006678924
2460,0.0
2461,0.0
2462,0.0
2463,0.0
2464,0.010315394
2465,0.0046779043
2466,0.002803591
2467,0.0
2468,0.0
2469,0.0
2470,0.0010101422
2471,0.01344645
2472,0.0004922142
2473,0.0
2474,0.0
2475,0.0
2476,0.0
2477,0.0
2478,0.0
2479,0.0
2480,0.008295111
2481,0.012030184
2482,0.0064288974
2483,0.0
2484,0.012125131
2485,0.011799414
2486,0.0
2487,0.0
2488,0.0
2489,0.0034990609
2490,0.007149389
2491,0.0
2492,0.0
2493,0.022953413
2494,0.0
2495,0.0
2496,0.0
2497,0.008386163
2498,0.0030242056
2499,0.0
2500,0.0
2501,0.0
2502,0.0
2503,0.009238854
2504,0.0
2505,0.0
2506,0.0060150065
2507,0.0
2508,0.0
2509,0.02032423
2510,0.0
2511,0.0
2512,0.0
2513,0.0
2514,0.0
2515,0.0
2516,0.0027113266
2517,0.028805122
2518,0.0
2519,0.009522606
2520,0.0
2521,0.0
2522,0.0
2523,0.0
2524,0.0
2525,0.0
2526,0.051241636
2527,0.0010730957
2528,0.0
2529,0.0
2530,0.010140732
2531,0.0186238
2532,0.00832855
2533,0.008414057
2534,0.0
2535,0.007995024
2536,0.0
2537,0.011599526
2538,0.0
2539,0.0
2540,0.0
2541,0.01388815
2542,0.015509129
2543,0.015713513
2544,0.004980473
2545,0.0
2546,0.0
2547,0.027820379
2548,0.0
2549,0.011661619
2550,0.0
2551,0.0
2552,0.0
2553,0.0019288063
2554,0.0
2555,0.0
2556,0.014348164
2557,0.0
2558,0.0
2559,0.008401096
2560,0.0
2561,0.022789046
2562,0.018120408
2563,0.0
2564,0.027059816
2565,0.0040223263
2566,0.0031417385
2567,0.0
2568,0.0
2569,-0.00017587618
2570,0.0
2571,0.0
2572,0.0
2573,0.00097317755
2574,0.0
2575,0.0
2576,0.0
2577,0.00076841516
2578,0.010610953
2579,0.0
2580,0.0
2581,0.017397128
2582,0.0
2583,0.00448519
2584,0.014429152
2585,0.0
2586,0.0
2587,0.0
2588,0.0
2589,0.013115805
2590,0.017786235
2591,0.0
2592,0.0
2593,0.0
2594,0.009003773
2595,0.0
2596,0.007880986
2597,0.0
2598,0.0
2599,0.019334812
2600,0.0
2601,0.0052399524
2602,0.0
2603,0.026434988
2604,0.014425315
2605,0.0032370943
2606,0.0
2607,0.0
2608,0.0
2609,0.0
2610,0.0
2611,0.018847942
2612,0.00057393673
2613,0.0018309099
2614,0.00042600196
2615,0.0
2616,0.013608679
2617,0.0095923245
2618,0.0
2619,0.0
2620,0.0013401657
2621,0.0
2622,0.0
2623,0.0
2624,0.0
2625,0.0023769718
2626,0.0076850057
2627,0.0
2628,0.0
2629,0.0005723493
2630,0.009690583
2631,0.016128656
2632,0.014053278
2633,0.0
2634,0.0
2635,0.014567763
2636,0.0002484026
2637,0.008513648
2638,0.0
2639,0.012879193
2640,0.0
2641,0.001207006
2642,0.0
2643,0.0
2644,0.012167335
2645,0.008671723
2646,0.0
2647,0.009512991
2648,0.007931054
2649,0.0
2650,0.022568852
2651,0.0
2652,0.0
2653,0.013643503
2654,0.011678636
2655,0.0
2656,0.0
2657,0.0
2658,0.0
2659,0.0
2660,0.0049542785
2661,0.0
2662,0.0
2663,0.0
2664,0.0038349852
2665,0.0
2666,0.0
2667,0.009524784
2668,0.0
2669,0.0
2670,0.0029850202
2671,0.014445186
2672,0.0085654855
2673,0.0030244286
2674,0.0
2675,0.0005702645
2676,0.0030547772
2677,9.1036345e-05
2678,0.0017956141
2679,0.0
2680,0.0
2681,0.0
2682,0.0
2683,0.0
2684,0.013112664
2685,0.020018086
2686,0.0013357176
2687,0.0076756403
2688,0.021876827
2689,0.012351453
2690,0.0039472254
2691,0.0
2692,0.008250788
2693,0.0
2694,0.0
2695,0.0019701282
2696,0.0
2697,-2.2913919e-05
2698,0.0
2699,0.0
2700,0.0
2701,0.0
2702,0.0048658
2703,0.019398168
2704,0.0075175464
2705,0.0
2706,0.0
2707,0.0
2708,0.0
2709,0.0
2710,0.0
2711,0.004128337
2712,0.0
2713,0.0
2714,0.01198259
2715,0.0
2716,0.0
2717,0.0
2718,0.0
2719,0.00969395
2720,0.0
2721,0.0
2722,0.0079267025
2723,0.007954396
2724,0.0
2725,0.00041147438
2726,0.0046719536
2727,0.010449812
2728,0.0
2729,0.0
2730,0.0
2731,0.0
2732,0.0
2733,0.007014334
2734,0.0
2735,0.0
2736,0.0019624596
2737,0.0
2738,0.0
2739,0.0
2740,0.0
2741,0.008761555
2742,0.0
2743,0.0
2744,0.00012568796
2745,0.001430802
2746,0.015672341
2747,0.0
2748,0.0
2749,0.0
2750,0.0
2751,0.016698144
2752,0.0
2753,0.0014150033
2754,0.0
2755,0.0068312883
2756,0.0
2757,0.006380856
2758,0.019012034
2759,0.0
2760,0.0
2761,0.023664199
2762,0.0020300644
2763,0.004215667
2764,0.0
2765,0.0
2766,0.005382763
2767,0.0055421144
2768,0.0
2769,0.014793277
2770,0.0
2771,0.005022388
2772,0.0
2773,0.0
2774,0.0
2775,0.0
2776,0.0
2777,0.0
2778,0.011580514
2779,0.0
2780,0.0
2781,0.0
2782,0.0
2783,0.0
2784,0.0
2785,0.0
2786,0.0
2787,0.0
2788,0.013335004
2789,0.005236849
2790,0.023061961
2791,0.0
2792,0.013553381
2793,0.0042400137
2794,0.0
2795,0.0
2796,0.0
2797,0.0
2798,0.0
2799,0.0
2800,0.016500436
2801,0.0
2802,0.02569744
2803,0.0
2804,0.0
2805,-2.2768916e-05
2806,0.0
2807,0.0
2808,0.0
2809,0.0
2810,0.01783796
2811,0.0
2812,0.0
2813,0.021502614
2814,0.0
2815,0.0
2816,0.0
2817,0.0
2818,0.0
2819,0.0
2820,0.017704219
2821,0.025187507
2822,0.0009399033
2823,0.0008865553
2824,0.0
2825,0.00054993574
2826,0.0051297024
2827,0.0
2828,0.000748202
2829,0.012534082
2830,0.0
2831,0.0
2832,0.0007625958
2833,0.0
2834,0.0
2835,0.0
2836,0.008089185
2837,0.0
2838,0.0
2839,0.0
2840,0.0009354125
2841,0.015939489
2842,0.0
2843,0.012670197
2844,0.010926828
2845,0.0
2846,0.007374987
2847,0.007119909
2848,0.0
2849,0.0
2850,0.016231857
2851,0.0
2852,0.0
2853,0.007194072
2854,0.0
2855,0.00086525804
2856,0.0
2857,0.0
2858,0.006661564
2859,0.0
2860,0.0012279777
2861,0.0040144026
2862,0.0
2863,0.01138914
2864,0.0079506785
2865,0.014849953
2866,0.013794798
2867,0.0024934965
2868,0.0
2869,0.0022020997
2870,0.0
2871,0.0
2872,0.008175015
2873,0.0
2874,0.008038327
2875,0.0
2876,0.0
2877,0.0
2878,0.0
2879,0.00058515323
2880,0.0
2881,0.0
2882,0.0
2883,0.0049490854
2884,0.004516486
2885,0.0
2886,0.0007718941
2887,0.0
2888,0.007933006
2889,0.0014194993
2890,0.006550111
2891,0.0
2892,0.00041794538
2893,0.029611796
2894,0.0
2895,0.0
2896,0.0
2897,0.0
2898,0.0
2899,0.00096825603
2900,0.017425358
2901,-0.00084937573
2902,0.016327024
2903,0.002683576
2904,0.0
2905,0.0
2906,0.0
2907,0.0
2908,0.0
2909,0.0
2910,0.0017357019
2911,0.0024545137
2912,0.0
2913,0.01828792
2914,0.0
2915,0.0
2916,0.0
2917,0.0013625305
2918,0.0
2919,0.0
2920,0.0
2921,0.0145676285
2922,0.0
2923,0.027679473
2924,0.007816367
2925,0.0
2926,0.013124697
2927,0.0
2928,0.0
2929,0.0
2930,0.0
2931,0.0
2932,0.0
2933,0.0
2934,0.00010643876
2935,0.0
2936,0.0
2937,0.038461268
2938,0.0
2939,0.0
2940,0.0
2941,0.0
2942,0.0114019215
2943,0.013011739
2944,0.0060662404
2945,0.0
2946,0.0006485891
2947,0.0
2948,0.0
2949,0.0
2950,0.000742382
2951,0.0
2952,0.013143569
2953,0.046006083
2954,0.0
2955,0.0
2956,0.0
2957,0.00021506933
2958,0.011114627
2959,0.0
2960,0.010498315
2961,0.0
2962,0.0
2963,0.008124858
2964,0.013177931
2965,0.0
2966,0.0
2967,0.004301749
2968,0.010059308
2969,0.009048909
2970,0.0
2971,0.0029286835
2972,0.00048674928
2973,0.0
2974,0.010838568
2975,0.008300744
2976,0.019789651
2977,0.014823057
2978,0.00037194206
2979,0.0
2980,0.0
2981,0.015113771
2982,0.0
2983,0.0020198827
2984,0.013040043
2985,0.0
2986,0.0196836
2987,0.0
2988,0.0
2989,0.0063709915
2990,0.010752786
2991,0.0
2992,0.0
2993,0.0
2994,0.013515279
2995,0.009757549
2996,0.0
2997,0.0
2998,0.0
2999,0.0
