,0,1,2
0,1.0,2.358334e-16,0.3452807
1,1.0,1.7510013e-16,0.61996007
2,1.0,1.7774497e-16,-1.0457699
3,1.0,6.627519e-17,0.82215303
4,1.0,4.7247624e-17,-1.7992389
5,1.0,4.7021816e-16,2.0409982
6,1.0,1.7575997e-16,-2.2825449
7,1.0,1.2976647e-16,-0.79995614
8,1.0,3.205507e-17,1.5766951
9,1.0,2.33125e-16,0.2510037
10,1.0,1.8479097e-16,-0.16813894
11,1.0,2.955487e-16,-0.22214206
12,1.0,4.6927534e-17,0.425741
13,1.0,1.5516799e-16,-0.14888155
14,1.0,5.5447706e-17,0.43762806
15,1.0,4.8985097e-17,1.4709779
16,1.0,1.7965914e-16,-0.7721344
17,1.0,8.305608e-17,0.5295657
18,1.0,5.6973474e-17,0.56191736
19,1.0,8.7245796e-17,-1.2115924
20,1.0,4.9684617e-17,-0.029304659
21,1.0,2.470476e-16,-1.7415779
22,1.0,6.1436855e-17,0.12432759
23,1.0,3.0844954e-16,0.38666657
24,1.0,9.307305e-17,1.0481478
25,1.0,1.421595e-16,1.4474462
26,1.0,2.474258e-16,-0.64543784
27,1.0,6.959e-17,0.65828156
28,1.0,6.2943237e-17,-0.0931869
29,1.0,1.0531724e-16,-0.12100846
30,1.0,3.576576e-16,0.13650435
31,1.0,4.842179e-17,-0.44283924
32,1.0,1.4618224e-16,-0.04099538
33,1.0,4.9494878e-17,-0.39882338
34,1.0,1.3872765e-16,1.1412206
35,1.0,1.0362592e-16,-1.187127
36,1.0,1.995851e-15,-1.1585766
37,1.0,3.0077015e-17,-2.908181
38,1.0,1.7382234e-16,-0.80466145
39,1.0,2.38046e-16,0.017154856
40,1.0,1.8847087e-16,1.025171
41,1.0,4.9100713e-17,-1.4645768
42,1.0,1.6520824e-16,-2.1752982
43,1.0,5.8345953e-16,-0.29329115
44,1.0,8.515683e-17,0.63083357
45,1.0,3.17398e-17,-1.6514263
46,1.0,2.7977703e-17,-0.036425002
47,1.0,1.1303676e-16,0.15347572
48,1.0,1.15902e-16,-0.21738076
49,1.0,8.90433e-17,-0.05737496
50,1.0,1.1731744e-16,1.330947
51,1.0,3.397854e-16,1.2968005
52,1.0,1.9084243e-16,0.71553034
53,1.0,9.763577e-17,1.7270943
54,1.0,6.6135057e-16,0.58071744
55,1.0,5.5441393e-16,1.8346386
56,1.0,2.348405e-16,1.1952219
57,1.0,3.9215127e-16,-1.382747
58,1.0,1.2677976e-16,-0.47913685
59,1.0,1.4338218e-16,1.660585
60,1.0,3.9371594e-17,2.6602726
61,1.0,2.6226635e-17,1.1416949
62,1.0,1.1241925e-16,-1.3391267
63,1.0,6.3909086e-17,0.1945492
64,1.0,3.3360492e-17,-1.65353
65,1.0,1.06200356e-16,0.8242475
66,1.0,1.5819392e-17,1.1263338
67,1.0,8.5059757e-17,1.7725432
68,1.0,1.1940062e-16,0.03340102
69,1.0,6.570928e-17,-0.337963
70,1.0,3.5452908e-17,-0.61775255
71,1.0,3.441382e-17,-0.65244424
72,1.0,1.12223e-16,0.06781399
73,1.0,7.531365e-17,-0.8136842
74,1.0,3.23209e-17,0.34298468
75,1.0,6.330636e-17,-0.08908113
76,1.0,2.232068e-16,0.40731743
77,1.0,9.883378e-17,1.100906
78,1.0,8.7540835e-17,0.34289634
79,1.0,2.2329962e-16,-0.049023055
80,1.0,1.5098778e-16,0.630627
81,1.0,3.8991355e-17,1.4895585
82,1.0,3.8679806e-17,-0.9865191
83,1.0,2.1590989e-16,-2.0311637
84,1.0,8.267359e-17,0.5115242
85,1.0,2.6359432e-17,-0.5442975
86,1.0,5.2861768e-17,-0.8755445
87,1.0,1.1118377e-15,0.794445
88,1.0,9.678214e-17,0.78516746
89,1.0,4.3898065e-17,0.31720182
90,1.0,6.0324224e-17,1.0858719
91,1.0,8.06664e-17,-0.32199866
92,1.0,1.1779548e-16,0.50444525
93,1.0,1.2318423e-16,-0.087465525
94,1.0,8.6241196e-17,-0.1195509
95,1.0,1.3536e-17,2.2422183
96,1.0,2.1700231e-16,-0.38376752
97,1.0,1.8053853e-16,-0.4550178
98,1.0,1.3656437e-16,-0.0011546573
99,1.0,2.958025e-16,-0.4193036
100,1.0,1.1934234e-16,-0.12633987
101,1.0,1.4673983e-16,0.5152218
102,1.0,1.1299838e-16,0.09696528
103,1.0,3.2052883e-16,-0.1617688
104,1.0,1.864372e-16,1.2470027
105,1.0,2.55984e-16,-0.28110886
106,1.0,2.1584071e-16,0.6745836
107,1.0,3.539075e-17,0.4158861
108,1.0,1.6674107e-16,-0.5405515
109,1.0,2.024135e-16,0.9192287
110,1.0,2.3145908e-16,0.09445515
111,1.0,2.169303e-16,-1.56351
112,1.0,2.8823353e-16,0.26194757
113,1.0,5.5433327e-17,-1.2456672
114,1.0,6.828359e-17,1.0226257
115,1.0,2.4441622e-17,0.7229638
116,1.0,8.8290724e-17,-0.29430765
117,1.0,1.3755831e-16,0.060761973
118,1.0,6.398596e-16,-0.89446974
119,1.0,5.5421697e-17,-0.53486246
120,1.0,6.508809e-17,1.2689984
121,1.0,3.2840404e-17,-0.0017135972
122,1.0,1.3775837e-16,-1.481118
123,1.0,1.5774265e-16,-1.5209273
124,1.0,1.4859081e-16,-0.21864438
125,1.0,9.0304525e-17,0.99671
126,1.0,2.681523e-16,0.8544133
127,1.0,1.2377208e-16,0.40067235
128,1.0,7.7439855e-16,1.1929586
129,1.0,1.0417884e-16,0.81454074
130,1.0,8.1351585e-15,-0.5634805
131,1.0,1.6035392e-16,-0.18192196
132,1.0,1.5970492e-17,-0.15947051
133,1.0,9.508125e-17,0.18682271
134,1.0,6.567996e-17,-1.6953135
135,1.0,2.3914629e-17,-0.49584913
136,1.0,1.133325e-16,-0.16936834
137,1.0,1.9908314e-16,1.1628568
138,1.0,9.0508e-17,-0.064479575
139,1.0,1.2273768e-16,-1.6372334
140,1.0,1.02490166e-16,-1.3242296
141,1.0,7.227442e-17,0.17322356
142,1.0,6.359779e-17,1.2944126
143,1.0,1.01139354e-16,-2.481127
144,1.0,3.7900718e-17,-0.7008155
145,1.0,1.9437932e-17,-1.1611398
146,1.0,8.237201e-17,-0.61788946
147,1.0,5.365798e-17,-0.29439867
148,1.0,2.3528974e-16,0.40337986
149,1.0,2.9343784e-16,0.3790351
150,1.0,4.2887713e-17,-1.0585158
151,1.0,9.640634e-16,-0.7671139
152,1.0,8.301676e-18,-0.34159133
153,1.0,2.5448263e-16,2.20371
154,1.0,4.236397e-17,0.2841578
155,1.0,7.004837e-17,-0.9732435
156,1.0,9.549891e-17,-0.39024594
157,1.0,8.2014574e-17,0.052100535
158,1.0,5.53157e-16,-0.36022002
159,1.0,2.3822939e-17,-0.21823737
160,1.0,2.2749542e-16,-0.64123225
161,1.0,1.0842518e-16,0.53549236
162,1.0,2.0232086e-16,-1.1595279
163,1.0,7.164963e-17,-1.3119607
164,1.0,4.2719696e-17,-0.43654767
165,1.0,5.663738e-17,-0.5956301
166,1.0,3.4858704e-16,-1.0191239
167,1.0,7.816696e-17,0.93308765
168,1.0,7.194543e-17,-1.9614518
169,1.0,5.12432e-17,-0.056290075
170,1.0,6.598307e-17,1.2476662
171,1.0,1.7141038e-16,-0.17351586
172,1.0,9.522322e-16,0.51302135
173,1.0,8.906606e-17,0.46203122
174,1.0,3.8252535e-16,-0.89541495
175,1.0,2.1547052e-16,0.4154404
176,1.0,3.876607e-17,-1.3528502
177,1.0,8.1991426e-17,1.2942163
178,1.0,1.5093308e-16,0.04857589
179,1.0,7.561073e-17,1.0754178
180,1.0,6.7614876e-16,1.741829
181,1.0,7.618162e-18,-1.0534655
182,1.0,3.9014715e-17,-0.68642366
183,1.0,1.3860545e-16,0.8804986
184,1.0,3.0440842e-17,0.57028955
185,1.0,1.0203998e-16,1.6368409
186,1.0,1.3704083e-16,0.016103204
187,1.0,5.046167e-16,0.8257774
188,1.0,1.5695755e-16,-0.9486772
189,1.0,7.284433e-17,1.4878021
190,1.0,5.944769e-17,-0.6665946
191,1.0,1.06689246e-16,0.5898742
192,1.0,3.565569e-16,-0.28198004
193,1.0,2.1307885e-16,0.14098763
194,1.0,3.5051383e-16,0.685549
195,1.0,2.3081367e-16,0.7570821
196,1.0,5.0406428e-17,-0.10121835
197,1.0,2.7437508e-17,0.69104236
198,1.0,4.791502e-17,-0.7426017
199,1.0,1.1386682e-16,-1.9284562
200,1.0,5.6462676e-16,-1.2850302
201,1.0,1.0120651e-16,0.5936111
202,1.0,1.1171813e-16,-1.1310891
203,1.0,7.918014e-17,0.7400308
204,1.0,6.6723174e-17,-0.22952493
205,1.0,1.0644487e-17,3.554187
206,1.0,3.2930977e-17,0.84426486
207,1.0,1.1712874e-16,-1.3625882
208,1.0,2.1335051e-16,-0.30607554
209,1.0,1.5681399e-15,-1.1197083
210,1.0,2.296815e-16,0.899649
211,1.0,1.3179088e-16,-0.7133592
212,1.0,1.0750223e-16,0.63083905
213,1.0,1.8635107e-17,-0.22510639
214,1.0,5.3891037e-16,-0.0058276965
215,1.0,7.1720185e-17,-0.5594339
216,1.0,4.3691908e-17,0.3738823
217,1.0,1.3049817e-16,-0.5274869
218,1.0,3.9092483e-17,-0.052277014
219,1.0,4.6075383e-17,-0.56855094
220,1.0,9.6858224e-17,-0.122517996
221,1.0,1.3213873e-16,-0.6855927
222,1.0,2.7231778e-17,-0.18958926
223,1.0,1.8306846e-16,0.9462362
224,1.0,2.2870752e-16,0.35918078
225,1.0,1.058178e-16,-0.06989615
226,1.0,3.8177436e-17,1.4031063
227,1.0,8.2346565e-17,-1.0331328
228,1.0,5.1082604e-16,-0.24906623
229,1.0,5.152726e-16,0.08588752
230,1.0,1.08860754e-16,-0.12457755
231,1.0,1.5951078e-16,0.097202234
232,1.0,2.972946e-16,0.9051363
233,1.0,1.1147463e-16,-0.5940923
234,1.0,5.8224965e-17,0.48864812
235,1.0,6.7615874e-17,-0.14124021
236,1.0,2.561647e-16,-1.94672
237,1.0,6.9919986e-16,-0.33511782
238,1.0,7.5225214e-17,-0.70630056
239,1.0,5.639312e-17,-0.15956812
240,1.0,6.60861e-17,1.6081043
241,1.0,3.4349816e-17,1.1432588
242,1.0,1.0077311e-16,0.35458645
243,1.0,8.093548e-17,0.15409096
244,1.0,9.085396e-16,-2.2523038
245,1.0,1.1284158e-16,-1.1773902
246,1.0,5.4646225e-16,-0.2599579
247,1.0,7.435424e-16,0.5307368
248,1.0,2.3742932e-16,0.6769872
249,1.0,6.907347e-17,0.78385025
250,1.0,1.5191737e-16,-0.10179238
251,1.0,1.7037581e-16,0.014660969
252,1.0,1.0250781e-15,1.1565312
253,1.0,1.6732663e-16,-0.03909975
254,1.0,5.0493417e-17,0.80754393
255,1.0,2.0084827e-16,1.1082826
256,1.0,2.644112e-16,0.853431
257,1.0,2.4036556e-16,0.960524
258,1.0,1.2088005e-15,0.54622626
259,1.0,1.8660726e-16,-1.4290974
260,1.0,5.31347e-17,-0.6827576
261,1.0,3.5397385e-16,-0.46819678
262,1.0,1.329817e-16,-1.3902216
263,1.0,4.651015e-17,-0.8990141
264,1.0,9.737062e-16,-0.6655454
265,1.0,1.8182685e-16,0.21237169
266,1.0,1.2716241e-16,-1.180699
267,1.0,1.1684223e-16,1.1203854
268,1.0,9.265009e-17,-1.0379317
269,1.0,8.598235e-17,0.7728232
270,1.0,7.8270496e-17,-0.47006613
271,1.0,9.4931204e-17,-0.3356494
272,1.0,2.1569739e-17,0.49318624
273,1.0,2.2087737e-17,-0.15167503
274,1.0,3.1374087e-17,-0.60720277
275,1.0,1.0264667e-16,-1.1500261
276,1.0,5.961551e-17,1.1590757
277,1.0,2.566107e-16,1.2177781
278,1.0,1.05084476e-16,-0.3587279
279,1.0,3.7377516e-17,2.000985
280,1.0,4.88705e-17,-1.71378
281,1.0,1.2794093e-16,1.310593
282,1.0,1.4876323e-16,-1.6046586
283,1.0,1.3766697e-16,0.6268718
284,1.0,5.975531e-17,0.052869227
285,1.0,1.0638606e-16,1.7321837
286,1.0,1.3613942e-16,0.987863
287,1.0,9.7639116e-17,0.9835003
288,1.0,6.357887e-17,1.3054175
289,1.0,9.780426e-17,0.4790975
290,1.0,3.1646948e-17,-1.0988482
291,1.0,1.2327167e-16,-0.6170563
292,1.0,1.8857874e-16,0.5823725
293,1.0,1.6259224e-17,0.47880897
294,1.0,9.8219274e-17,0.24828933
295,1.0,1.780224e-17,-1.2450464
296,1.0,1.665726e-16,-1.150683
297,1.0,1.3503618e-16,-0.79665136
298,1.0,7.0290884e-17,0.2504107
299,1.0,9.76421e-17,-0.6791991
300,1.0,7.4896784e-17,0.9896619
301,1.0,6.901263e-17,-0.06477205
302,1.0,1.2064597e-16,-0.72568625
303,1.0,1.0114823e-16,-1.5652704
304,1.0,1.2316825e-16,-0.9963506
305,1.0,4.434594e-17,1.3104934
306,1.0,1.8152745e-16,0.18627499
307,1.0,5.309823e-17,-1.0785476
308,1.0,5.2268835e-17,-0.44169906
309,1.0,2.445236e-16,-0.087549426
310,1.0,9.5955e-17,-0.16100979
311,1.0,3.3987353e-16,0.062429335
312,1.0,1.6092075e-16,-1.1989998
313,1.0,1.4341062e-16,0.52603847
314,1.0,2.4414518e-16,-1.2512822
315,1.0,4.7495917e-17,0.59556806
316,1.0,3.8143686e-16,-1.5690298
317,1.0,1.2562628e-16,0.3163568
318,1.0,2.0059559e-16,-0.52291626
319,1.0,5.179288e-17,1.187122
320,1.0,1.1498513e-16,0.26821813
321,1.0,2.1387681e-17,0.6062631
322,1.0,2.1066711e-16,0.33272493
323,1.0,2.7009141e-17,0.83765113
324,1.0,3.927574e-17,0.8419898
325,1.0,2.5908345e-16,-0.7036808
326,1.0,2.2495215e-17,-0.36265996
327,1.0,5.5274323e-17,0.14044015
328,1.0,1.822991e-16,0.8603711
329,1.0,1.4513542e-16,-1.5839276
330,1.0,8.359963e-17,0.3251421
331,1.0,6.948389e-17,-0.21160865
332,1.0,1.600386e-16,-0.16516264
333,1.0,1.1133523e-16,-0.2197175
334,1.0,6.2645247e-17,-1.9991273
335,1.0,6.400717e-17,-0.48981985
336,1.0,6.077393e-17,-0.9667952
337,1.0,1.5094114e-16,0.14649068
338,1.0,3.0572243e-16,0.5719546
339,1.0,4.7592584e-17,0.5585036
340,1.0,2.4989298e-16,0.33648548
341,1.0,6.22612e-17,0.88743067
342,1.0,9.498373e-17,-1.6470222
343,1.0,5.7551267e-16,-0.5034548
344,1.0,7.305611e-17,-0.2645449
345,1.0,1.0445341e-16,-0.006816586
346,1.0,1.7316383e-16,0.014278457
347,1.0,1.2666127e-17,1.482593
348,1.0,3.5025053e-16,-1.8397574
349,1.0,6.090553e-17,-0.79336816
350,1.0,1.1118795e-16,0.51298434
351,1.0,1.06878253e-16,-1.4181367
352,1.0,1.0609634e-15,-0.86797744
353,1.0,3.1607858e-17,0.7254907
354,1.0,3.6907403e-17,0.44038728
355,1.0,2.6842554e-16,0.59709984
356,1.0,1.5304998e-15,-0.39289927
357,1.0,9.8483025e-17,0.6386249
358,1.0,3.1992048e-16,1.8041942
359,1.0,3.4651992e-17,1.3644239
360,1.0,2.6009748e-16,1.894604
361,1.0,1.561245e-16,0.022737669
362,1.0,5.6371853e-16,-0.5257558
363,1.0,6.8422044e-17,-0.51036125
364,1.0,7.563496e-17,0.9438334
365,1.0,8.549339e-17,1.7211418
366,1.0,1.2377538e-16,0.63876975
367,1.0,5.748388e-17,-1.0654994
368,1.0,1.4487544e-16,0.992094
369,1.0,3.3707687e-16,-1.6630943
370,1.0,1.4061051e-16,-1.2975386
371,1.0,2.839338e-16,-2.318471
372,1.0,2.9541667e-17,-0.09613179
373,1.0,2.765662e-16,0.34527317
374,1.0,1.3120599e-16,0.24168506
375,1.0,7.096772e-16,1.2942791
376,1.0,1.7892254e-16,0.14017022
377,1.0,8.032586e-17,0.61969405
378,1.0,7.403184e-17,-1.6659541
379,1.0,1.3794085e-16,-1.1223943
380,1.0,4.4573034e-17,0.47936434
381,1.0,2.1686813e-17,1.099744
382,1.0,8.9457644e-17,0.16613302
383,1.0,9.547705e-17,-0.19693194
384,1.0,6.349622e-17,-1.0442737
385,1.0,7.558362e-17,1.2107995
386,1.0,6.273851e-17,1.9632604
387,1.0,7.928895e-17,-1.1268917
388,1.0,2.9751337e-17,-1.5712905
389,1.0,2.1504516e-16,-0.45022443
390,1.0,1.5900836e-16,-0.28996494
391,1.0,5.4933164e-17,0.60731864
392,1.0,1.6416163e-16,0.92408556
393,1.0,5.9556415e-17,1.2357554
394,1.0,2.8368358e-17,-0.33874217
395,1.0,1.4934318e-16,-0.1942056
396,1.0,4.2320036e-17,1.0053235
397,1.0,8.345529e-17,-0.16584557
398,1.0,5.8612086e-16,-1.0113939
399,1.0,1.3058583e-16,0.20789146
400,1.0,1.5601846e-17,0.9033805
401,1.0,1.7025626e-16,0.8619814
402,1.0,6.495291e-17,0.112383574
403,1.0,2.1958288e-16,-0.6680424
404,1.0,1.9181083e-17,-0.66957194
405,1.0,2.6979382e-17,-0.344343
406,1.0,5.760878e-17,-0.50688607
407,1.0,9.548762e-17,-0.16708009
408,1.0,2.011234e-17,0.7184002
409,1.0,2.799907e-16,-1.3306526
410,1.0,2.1354593e-16,-0.8263627
411,1.0,1.9847954e-16,-0.12123531
412,1.0,3.4101118e-16,-3.0125735
413,1.0,2.6566983e-17,-1.9127337
414,1.0,4.0756886e-17,-1.0277144
415,1.0,3.229787e-16,-0.86821777
416,1.0,7.675661e-17,-1.3205438
417,1.0,8.892958e-17,-1.0835086
418,1.0,5.0924785e-17,-1.053948
419,1.0,2.4923894e-16,-0.52536386
420,1.0,1.7660814e-16,0.5855164
421,1.0,3.817282e-15,-0.9507462
422,1.0,1.01340954e-16,-1.4300059
423,1.0,6.012343e-17,-0.59894025
424,1.0,5.952507e-17,-0.2244202
425,1.0,1.1257116e-16,0.19905618
426,1.0,4.1529046e-17,-0.2923323
427,1.0,4.621568e-17,0.5505682
428,1.0,5.605211e-17,0.38365054
429,1.0,9.91351e-17,-0.38407934
430,1.0,2.2219667e-16,-1.0955
431,1.0,5.5210895e-17,-0.2944904
432,1.0,5.715894e-17,-0.44857374
433,1.0,2.9346695e-16,0.85813
434,1.0,4.5485285e-17,-0.8295321
435,1.0,1.901585e-17,0.99505436
436,1.0,1.2436937e-16,-0.7453751
437,1.0,2.6674727e-17,0.2295756
438,1.0,1.77006e-17,2.3189662
439,1.0,1.9206647e-16,-2.3744226
440,1.0,1.0448689e-16,1.5828309
441,1.0,2.6042512e-16,-0.16065484
442,1.0,7.4013765e-17,1.2468224
443,1.0,9.93085e-16,-0.5859708
444,1.0,1.1152311e-16,1.1627316
445,1.0,4.507456e-16,-0.25676975
446,1.0,1.7652117e-17,1.3225372
447,1.0,1.0900578e-16,-0.5035706
448,1.0,4.0542584e-17,1.1571674
449,1.0,1.7225193e-17,0.47596914
450,1.0,9.1078435e-17,-0.6593872
451,1.0,9.376654e-17,-2.0940943
452,1.0,5.4130626e-17,0.54400134
453,1.0,5.61784e-17,-1.7787745
454,1.0,1.6361271e-16,-1.2822948
455,1.0,2.6481903e-16,0.13620357
456,1.0,3.6351428e-17,-1.8783761
457,1.0,1.4524287e-16,0.8881037
458,1.0,2.2117343e-16,-0.43014434
459,1.0,2.6563739e-17,-0.09606412
460,1.0,1.7546588e-16,-0.53785604
461,1.0,7.259661e-17,-0.40859053
462,1.0,2.828386e-17,-0.29727155
463,1.0,5.870092e-16,0.44727504
464,1.0,1.09143504e-16,0.85029465
465,1.0,1.7017638e-16,-0.40811124
466,1.0,1.3250065e-16,1.318294
467,1.0,4.360233e-17,0.9828645
468,1.0,1.3767169e-16,-0.869643
469,1.0,3.639458e-17,-0.6700067
470,1.0,1.0462768e-16,-1.8407396
471,1.0,5.3129834e-17,0.093547784
472,1.0,8.676554e-17,0.1411334
473,1.0,5.9452025e-16,0.012146078
474,1.0,2.6688788e-16,-0.37066826
475,1.0,7.7663465e-17,-1.0639727
476,1.0,2.1893216e-16,-1.4747459
477,1.0,9.011113e-17,1.2513865
478,1.0,1.10878333e-16,1.784441
479,1.0,4.9071554e-15,0.8096256
480,1.0,1.6504195e-16,-1.2900137
481,1.0,4.587422e-17,-1.0111084
482,1.0,4.531124e-17,-1.7821025
483,1.0,6.9381124e-17,-0.19837351
484,1.0,3.1252625e-16,-1.7464389
485,1.0,2.9005346e-16,0.5680271
486,1.0,2.4454971e-16,-0.115257815
487,1.0,1.9161128e-16,0.42656907
488,1.0,4.1138193e-16,-2.4653955
489,1.0,7.2814605e-17,1.3175812
490,1.0,4.037405e-17,1.0503778
491,1.0,5.902693e-17,1.3394043
492,1.0,2.5854243e-16,-0.53675187
493,1.0,5.0014543e-17,0.09941851
494,1.0,1.2756177e-16,0.36481565
495,1.0,7.0269165e-17,-1.3378937
496,1.0,1.9627562e-17,2.3557074
497,1.0,1.3581574e-16,0.9448309
498,1.0,7.6360305e-17,0.018989842
499,1.0,2.493521e-16,-0.59914595
500,1.0,8.922249e-17,-0.2029261
501,1.0,1.1051386e-17,1.177525
502,1.0,3.427207e-17,0.6367358
503,1.0,4.704314e-17,-0.2602554
504,1.0,1.7514957e-16,0.34352767
505,1.0,5.4548105e-17,-0.545762
506,1.0,1.6367889e-16,-0.28418976
507,1.0,3.97472e-17,0.11347572
508,1.0,4.162326e-17,1.9330741
509,1.0,4.7466964e-16,0.67690444
510,1.0,2.7577278e-17,-0.47011107
511,1.0,1.1085042e-16,1.4975094
512,1.0,8.533178e-17,-0.0039168084
513,1.0,8.990267e-18,0.36177894
514,1.0,3.757138e-16,-2.108127
515,1.0,2.1942116e-17,1.4022274
516,1.0,2.5648432e-17,-1.3664011
517,1.0,2.2050286e-16,-0.48268807
518,1.0,1.9067868e-16,-0.5739691
519,1.0,2.7009657e-17,1.5590837
520,1.0,7.523067e-17,1.1131451
521,1.0,8.045869e-16,-1.1420788
522,1.0,1.159082e-16,0.078365386
523,1.0,6.536079e-17,-1.3516527
524,1.0,9.707683e-17,-1.0865285
525,1.0,1.6960931e-16,0.40543172
526,1.0,1.6791683e-16,0.74373674
527,1.0,1.0050629e-16,-1.1801754
528,1.0,2.2210514e-16,-0.7304222
529,1.0,4.2089988e-16,1.2039368
530,1.0,1.7734537e-16,-0.5815198
531,1.0,7.486794e-17,0.14343482
532,1.0,1.467891e-16,0.7499368
533,1.0,2.7957342e-16,0.2903505
534,1.0,5.742514e-17,0.42780453
535,1.0,1.9709063e-15,1.4627669
536,1.0,5.5387484e-16,0.4262469
537,1.0,2.846561e-16,0.5878388
538,1.0,1.0650463e-16,0.90876555
539,1.0,4.7339632e-17,0.889186
540,1.0,1.4691571e-16,-0.41242364
541,1.0,9.0979465e-17,0.67138815
542,1.0,9.686931e-17,1.014742
543,1.0,2.643909e-17,1.1618404
544,1.0,2.033297e-17,0.7135221
545,1.0,3.1080097e-17,-1.3258932
546,1.0,2.828472e-17,1.6130987
547,1.0,1.7822838e-16,-0.20933291
548,1.0,1.5933929e-16,2.096184
549,1.0,1.2245521e-16,1.6305741
550,1.0,3.093579e-17,-0.2936788
551,1.0,1.9809303e-16,-1.6135262
552,1.0,1.1273833e-16,1.6339693
553,1.0,4.4758756e-17,-0.568122
554,1.0,6.72683e-17,-0.66156995
555,1.0,5.639398e-17,0.73655427
556,1.0,6.692405e-17,1.2228613
557,1.0,2.979086e-17,-1.0158955
558,1.0,1.4918888e-16,1.55068
559,1.0,5.428199e-17,0.19953078
560,1.0,8.9310684e-17,-1.8990842
561,1.0,4.0342336e-17,0.3518542
562,1.0,2.5105196e-16,-0.24340226
563,1.0,4.1739507e-16,1.4589546
564,1.0,5.9978886e-17,-0.9962576
565,1.0,3.3204994e-15,1.9223377
566,1.0,2.4446658e-17,0.27920592
567,1.0,7.05415e-17,0.84080595
568,1.0,6.600321e-17,-0.8044963
569,1.0,2.3311252e-16,-1.5866932
570,1.0,2.0179442e-16,-0.8312516
571,1.0,1.7576466e-16,-0.7867738
572,1.0,3.0996996e-16,-1.0416934
573,1.0,1.1324608e-16,-0.21497697
574,1.0,4.0325412e-17,-0.70121276
575,1.0,5.4378986e-17,-1.8691084
576,1.0,1.9396239e-16,-0.6182721
577,1.0,4.2900313e-17,0.97101283
578,1.0,2.0942835e-16,-0.40263897
579,1.0,1.1185373e-16,-1.0085899
580,1.0,3.339525e-17,-0.83868784
581,1.0,7.0008563e-17,2.1231859
582,1.0,1.0423369e-16,-0.42652196
583,1.0,4.8840677e-17,0.18607517
584,1.0,6.3238295e-17,-1.4202218
585,1.0,1.0569677e-16,-0.51272213
586,1.0,2.5648823e-17,2.1601098
587,1.0,1.11969e-16,-0.73772913
588,1.0,1.0192327e-16,1.3432695
589,1.0,2.0778976e-17,0.5136358
590,1.0,6.9870894e-17,0.17405261
591,1.0,1.9143448e-16,0.48622304
592,1.0,7.1019716e-16,-0.52775025
593,1.0,2.4681763e-17,0.048538752
594,1.0,2.0591884e-17,1.0311049
595,1.0,3.09633e-17,0.2850486
596,1.0,5.009856e-17,1.1925596
597,1.0,5.4177313e-17,0.28616503
598,1.0,2.6754624e-17,-0.99625945
599,1.0,1.4439825e-15,-2.6099842
600,1.0,1.5714566e-16,1.5677953
601,1.0,1.02141235e-16,0.35359713
602,1.0,6.7371796e-17,0.8785299
603,1.0,1.607692e-16,-0.53291655
604,1.0,6.0661826e-17,-0.6671727
605,1.0,3.7593294e-17,-0.07883655
606,1.0,1.2600111e-16,-0.5492643
607,1.0,6.279071e-17,-0.7224301
608,1.0,9.1348096e-17,0.666112
609,1.0,1.6923123e-16,0.91301036
610,1.0,1.9739376e-16,0.59243596
611,1.0,1.192686e-16,-1.4057701
612,1.0,5.939102e-17,-0.24993674
613,1.0,2.3834769e-16,0.29163396
614,1.0,5.496083e-17,0.3739389
615,1.0,2.035867e-16,0.28836784
616,1.0,2.6546519e-17,0.97040373
617,1.0,2.4914185e-17,1.1532223
618,1.0,4.5814784e-16,-2.5814018
619,1.0,4.7522377e-17,-0.14478014
620,1.0,8.448769e-17,0.64423627
621,1.0,3.913381e-17,0.8805675
622,1.0,5.56053e-17,-0.20015258
623,1.0,9.126206e-17,-0.036899578
624,1.0,1.9024131e-16,-0.39893755
625,1.0,1.705591e-17,1.0566125
626,1.0,3.8543563e-17,-2.5872123
627,1.0,4.627601e-17,-1.7689558
628,1.0,3.169009e-16,-1.092484
629,1.0,7.6234567e-17,0.061357584
630,1.0,8.061687e-17,-0.4722375
631,1.0,1.614939e-16,-0.73645884
632,1.0,4.2142665e-17,0.5754007
633,1.0,7.0250405e-17,0.53118306
634,1.0,2.7425175e-16,-0.84397215
635,1.0,1.0479505e-16,-1.5128406
636,1.0,2.9940335e-17,0.83401895
637,1.0,4.581915e-16,1.3782632
638,1.0,2.0326697e-16,-0.5900206
639,1.0,1.1190537e-16,-0.7590921
640,1.0,4.5736183e-17,-0.38725573
641,1.0,1.5556746e-16,-0.06961928
642,1.0,6.206891e-16,-0.77052313
643,1.0,4.068483e-16,0.7994184
644,1.0,1.1923359e-16,1.966897
645,1.0,3.7484318e-17,-0.75469714
646,1.0,1.4613207e-16,0.44489044
647,1.0,2.4233477e-17,-0.81863797
648,1.0,1.9262558e-16,-1.5144603
649,1.0,1.4416977e-16,1.0483406
650,1.0,2.6662825e-17,0.11533185
651,1.0,4.2497668e-17,0.19491719
652,1.0,7.518534e-17,-0.33973488
653,1.0,1.2512839e-16,-1.5918144
654,1.0,2.0121023e-16,0.2557958
655,1.0,8.5644845e-17,0.347817
656,1.0,1.2994777e-16,1.1178725
657,1.0,3.0907613e-16,0.74612355
658,1.0,3.2401776e-16,-0.06368136
659,1.0,3.5124716e-17,-1.8447243
660,1.0,5.1009164e-17,0.63501
661,1.0,1.462754e-16,0.6008631
662,1.0,9.535003e-17,-1.6918182
663,1.0,7.956771e-17,-0.92545676
664,1.0,1.0417248e-16,-0.0024188787
665,1.0,1.1415475e-16,-1.0857557
666,1.0,1.412104e-16,0.043568686
667,1.0,3.3787228e-17,1.1094717
668,1.0,1.6413658e-16,0.25856483
669,1.0,2.8007925e-17,-0.34909323
670,1.0,5.7658254e-17,-0.041424718
671,1.0,5.238241e-17,-2.2239308
672,1.0,1.6255139e-16,-0.14602768
673,1.0,2.5177017e-17,1.2810444
674,1.0,2.284747e-16,1.3831718
675,1.0,1.5293143e-16,1.5503235
676,1.0,6.459808e-17,0.059859417
677,1.0,2.1419698e-16,2.1552339
678,1.0,2.3904231e-17,1.7252749
679,1.0,6.918977e-17,-0.55543125
680,1.0,1.870484e-16,0.13727233
681,1.0,5.4043174e-16,0.8115255
682,1.0,1.2750777e-16,-0.56606025
683,1.0,7.458374e-17,1.6769645
684,1.0,3.526826e-16,-0.8637647
685,1.0,5.164038e-17,-0.22041528
686,1.0,2.9810755e-17,0.2793264
687,1.0,9.052112e-17,-0.16613169
688,1.0,4.889943e-16,-1.5888184
689,1.0,3.906356e-17,1.0718632
690,1.0,1.3123001e-16,1.1386732
691,1.0,1.4204836e-16,-0.00014860394
692,1.0,7.855676e-17,-0.38372746
693,1.0,6.236107e-16,0.680772
694,1.0,5.5704235e-17,0.28580087
695,1.0,3.1832575e-16,-0.9587393
696,1.0,3.0507338e-17,-2.0909123
697,1.0,1.4425998e-16,0.296395
698,1.0,2.2414097e-17,0.36340708
699,1.0,2.6284928e-17,-0.2333918
700,1.0,2.8256036e-17,-1.7556773
701,1.0,3.41416e-16,0.20357108
702,1.0,1.5749974e-16,-1.0015707
703,1.0,1.7729184e-17,0.73162115
704,1.0,1.4582134e-16,0.81361383
705,1.0,4.671588e-17,-0.2721379
706,1.0,5.3662072e-17,-1.1676581
707,1.0,7.6954214e-17,-0.18134806
708,1.0,1.8437905e-16,-1.8512547
709,1.0,1.4069207e-16,0.65325505
710,1.0,1.0149106e-16,-1.9332538
711,1.0,5.121545e-17,1.7067772
712,1.0,8.142602e-17,2.60026
713,1.0,2.3483155e-16,1.024633
714,1.0,7.070098e-17,1.1128738
715,1.0,1.294056e-16,0.75363326
716,1.0,3.726549e-16,0.3512528
717,1.0,5.86096e-17,0.6596557
718,1.0,1.01072246e-16,0.1297254
719,1.0,6.523624e-17,-0.44360453
720,1.0,1.4169504e-15,-1.0084128
721,1.0,4.9074687e-17,1.6695701
722,1.0,9.831143e-18,0.5664888
723,1.0,1.4596939e-16,0.079153754
724,1.0,2.5441762e-16,0.631265
725,1.0,1.1055355e-16,0.8818452
726,1.0,9.019057e-17,0.5780886
727,1.0,4.7718956e-16,-0.80491596
728,1.0,4.20069e-16,0.45244744
729,1.0,5.903529e-16,-1.44095
730,1.0,3.8627188e-16,-0.83160394
731,1.0,1.9702213e-16,-0.78868765
732,1.0,1.321715e-16,-1.6877251
733,1.0,6.9015e-17,0.5891254
734,1.0,2.596801e-16,0.9077462
735,1.0,1.3858801e-16,0.7740278
736,1.0,6.647246e-16,0.42329508
737,1.0,1.01924825e-16,-0.0597348
738,1.0,7.579005e-17,-0.08243915
739,1.0,5.4295245e-17,-0.48053548
740,1.0,2.0227996e-16,-2.13481
741,1.0,1.8842261e-17,-1.0148835
742,1.0,3.4419204e-17,-0.506689
743,1.0,6.105976e-17,0.6017069
744,1.0,6.141202e-17,0.35065618
745,1.0,6.547033e-17,-0.51313186
746,1.0,2.2007429e-16,-2.0261648
747,1.0,4.0201924e-17,1.4822884
748,1.0,8.545035e-17,1.4993243
749,1.0,1.7929696e-16,1.9565039
750,1.0,2.9687753e-16,0.44576386
751,1.0,3.133595e-16,0.40617567
752,1.0,5.561845e-17,1.3975754
753,1.0,2.992288e-16,-0.9867686
754,1.0,5.057228e-16,-1.4575453
755,1.0,3.3186364e-16,-1.5297705
756,1.0,4.889903e-17,-0.75887734
757,1.0,2.3036242e-16,-0.4840979
758,1.0,6.058901e-16,-0.05086925
759,1.0,1.8027013e-16,-0.010141227
760,1.0,1.400789e-16,0.21499984
761,1.0,1.5735561e-16,0.08677956
762,1.0,1.5633846e-16,-0.17681594
763,1.0,2.88251e-17,0.3671492
764,1.0,6.717265e-17,-1.2046
765,1.0,1.693881e-17,1.1694449
766,1.0,5.301103e-16,-0.06217266
767,1.0,7.646728e-17,-0.588093
768,1.0,1.9247867e-16,1.4908473
769,1.0,6.1567774e-17,1.3766234
770,1.0,1.3453281e-16,-1.0666069
771,1.0,1.3511192e-16,0.16422033
772,1.0,5.5922684e-17,0.20070949
773,1.0,4.3900077e-17,-1.1773627
774,1.0,1.66285e-16,0.8564239
775,1.0,5.7855474e-16,0.060484365
776,1.0,2.5149385e-16,0.2596588
777,1.0,4.0806223e-16,-0.69558173
778,1.0,6.913648e-17,0.052896682
779,1.0,4.5665925e-17,-0.6081887
780,1.0,1.1360218e-16,-1.7551873
781,1.0,1.3837195e-16,0.49397287
782,1.0,5.651522e-17,0.9795501
783,1.0,1.0298397e-16,-1.5616055
784,1.0,1.064234e-16,-0.61930096
785,1.0,3.3442565e-16,-1.0548445
786,1.0,1.1746073e-16,0.32685483
787,1.0,1.8451907e-16,0.4124396
788,1.0,5.7291886e-17,0.16048558
789,1.0,8.2646474e-17,1.11012
790,1.0,3.7754975e-17,-1.4546769
791,1.0,1.00702013e-16,-1.0345457
792,1.0,1.5784258e-16,-0.08487434
793,1.0,3.2534658e-17,-0.7495105
794,1.0,1.9470435e-17,0.7872222
795,1.0,2.4823788e-16,1.8870257
796,1.0,4.9937522e-17,-0.5921212
797,1.0,6.4273376e-17,-0.5332732
798,1.0,1.3031909e-16,-1.0474771
799,1.0,5.6158476e-17,-0.5519524
800,1.0,8.437238e-17,-0.49463186
801,1.0,8.301648e-17,0.6210198
802,1.0,1.2701503e-16,-0.6759739
803,1.0,1.3441586e-16,-0.0025145272
804,1.0,3.1551736e-16,1.1689442
805,1.0,1.0153559e-16,0.3847104
806,1.0,1.5163483e-16,1.0296646
807,1.0,3.1186274e-17,1.852588
808,1.0,6.2000496e-17,0.7825117
809,1.0,1.1894329e-16,-0.9023455
810,1.0,1.0460374e-16,-0.5852159
811,1.0,7.416413e-17,1.1562356
812,1.0,1.4611487e-15,1.3468635
813,1.0,1.4945945e-16,3.011562
814,1.0,7.1664394e-17,0.34294602
815,1.0,1.0534054e-16,-0.34405926
816,1.0,1.158039e-16,-0.40057284
817,1.0,4.928988e-17,0.76428866
818,1.0,1.6364142e-16,-0.09174754
819,1.0,5.2581413e-17,0.2605525
820,1.0,7.069312e-18,1.7226243
821,1.0,6.79855e-16,0.76017815
822,1.0,8.041293e-17,0.43599236
823,1.0,4.0534873e-16,-1.4409817
824,1.0,3.8796104e-17,0.09424104
825,1.0,1.65741e-16,0.75856584
826,1.0,6.738567e-17,0.60533136
827,1.0,9.925013e-17,-1.1548592
828,1.0,6.0303286e-17,0.693774
829,1.0,5.0039186e-16,-0.040457744
830,1.0,1.5477428e-16,-0.8164107
831,1.0,3.8634238e-17,-0.6851654
832,1.0,7.560063e-17,0.045134645
833,1.0,1.275189e-17,1.5407718
834,1.0,9.7940534e-17,-0.7034888
835,1.0,1.6255203e-16,0.45142475
836,1.0,2.0280381e-16,1.1277483
837,1.0,2.458358e-16,-0.97954804
838,1.0,2.341026e-16,0.8116178
839,1.0,2.1671927e-17,-1.2464606
840,1.0,5.872821e-17,-0.41309774
841,1.0,2.0800318e-16,-0.24979033
842,1.0,2.2828815e-17,-0.6355381
843,1.0,2.0623418e-16,-2.1713238
844,1.0,4.1978367e-17,1.603426
845,1.0,9.2626064e-17,-1.3907093
846,1.0,1.3811776e-16,-0.4734392
847,1.0,3.8575482e-17,1.1024376
848,1.0,4.6749932e-17,-0.5220023
849,1.0,7.4416344e-17,1.5180268
850,1.0,1.00616774e-16,2.870415
851,1.0,2.2877645e-16,-1.1938088
852,1.0,1.980287e-17,0.39841306
853,1.0,3.9386165e-17,0.94678634
854,1.0,8.0842916e-17,-0.60044503
855,1.0,6.0008896e-16,-1.6427735
856,1.0,3.92813e-16,0.13068342
857,1.0,3.4092796e-16,-0.4050616
858,1.0,3.574271e-16,0.3914715
859,1.0,2.432461e-17,0.9783729
860,1.0,3.737224e-17,0.4237177
861,1.0,5.1119418e-17,1.4905034
862,1.0,1.0160805e-16,-0.6961386
863,1.0,4.7316703e-17,-1.2692218
864,1.0,1.5745228e-16,-0.929717
865,1.0,5.662485e-17,1.3870215
866,1.0,2.956671e-16,-2.5227382
867,1.0,1.5041873e-15,-0.56595635
868,1.0,3.7380653e-17,0.081120186
869,1.0,1.0572419e-16,1.5344881
870,1.0,1.1122571e-16,1.1206594
871,1.0,1.2272318e-16,1.4590058
872,1.0,1.7390459e-16,0.25580224
873,1.0,3.946046e-17,-1.0791566
874,1.0,5.777142e-17,1.0548699
875,1.0,8.8536595e-17,-1.6026161
876,1.0,1.4891993e-16,1.1920953
877,1.0,8.0896596e-17,1.252592
878,1.0,6.648029e-17,-0.9517189
879,1.0,3.1249285e-16,0.95252395
880,1.0,1.0915761e-17,0.127688
881,1.0,3.5517885e-17,0.5985761
882,1.0,3.059381e-17,-0.3017333
883,1.0,6.219379e-17,-1.0469247
884,1.0,2.0632782e-16,0.1986612
885,1.0,2.2187217e-17,-0.86769426
886,1.0,6.6533565e-17,0.7689983
887,1.0,3.3006073e-16,-0.14833374
888,1.0,4.2949293e-16,-0.23267078
889,1.0,7.3849064e-17,-0.7794457
890,1.0,2.7971315e-16,-0.17144059
891,1.0,3.4449828e-16,0.11748842
892,1.0,1.1926952e-16,-0.31721535
893,1.0,6.045761e-17,-0.71257764
894,1.0,8.8453215e-17,-0.9544579
895,1.0,1.3834556e-16,0.19502738
896,1.0,3.78604e-17,0.42978206
897,1.0,2.0668072e-16,2.3224218
898,1.0,5.596793e-17,-0.21721911
899,1.0,2.563123e-16,-0.35435367
900,1.0,4.3974996e-17,0.0030888158
901,1.0,1.4029494e-16,-0.54486376
902,1.0,1.0344148e-16,0.44440445
903,1.0,3.7894811e-16,-0.7124351
904,1.0,2.3710893e-16,0.087814845
905,1.0,9.0103567e-17,-1.9189017
906,1.0,9.280078e-17,0.16934368
907,1.0,2.915288e-16,-0.17341715
908,1.0,4.220106e-17,-0.015856452
909,1.0,2.6122708e-16,-0.2775316
910,1.0,3.5748417e-17,-1.3827553
911,1.0,3.1340834e-17,-0.17631131
912,1.0,6.377684e-17,1.157157
913,1.0,5.2790835e-17,-1.4743693
914,1.0,4.4409593e-17,0.62792486
915,1.0,4.6443664e-17,-1.9874212
916,1.0,4.674674e-16,-1.5088294
917,1.0,1.724986e-16,0.7486064
918,1.0,1.9625925e-16,0.15233071
919,1.0,2.2567929e-17,-0.013979296
920,1.0,1.2930789e-16,-0.16092178
921,1.0,1.628369e-16,0.119245134
922,1.0,3.339372e-17,-0.71196973
923,1.0,7.4259844e-16,0.9918053
924,1.0,5.955778e-17,0.26919183
925,1.0,4.1581064e-16,0.6648184
926,1.0,1.2184945e-16,-1.1489823
927,1.0,6.2864046e-17,-1.4980664
928,1.0,7.628693e-17,-0.93416107
929,1.0,1.0931809e-16,-0.7807396
930,1.0,4.2891148e-17,-1.5651628
931,1.0,2.8266723e-16,-0.35356224
932,1.0,3.2715006e-16,-0.31076792
933,1.0,1.3324879e-16,0.053482518
934,1.0,1.940031e-16,0.21706009
935,1.0,3.4236006e-17,0.6098145
936,1.0,9.272399e-17,-0.41842902
937,1.0,1.202013e-16,-0.5685032
938,1.0,4.8242212e-17,-0.5800724
939,1.0,5.1560685e-16,1.769178
940,1.0,2.285305e-16,-0.68659776
941,1.0,5.800771e-17,-1.0752522
942,1.0,7.991052e-17,0.04107999
943,1.0,3.0246266e-17,0.5516507
944,1.0,7.590376e-17,-0.46054423
945,1.0,1.5427265e-16,-0.5390585
946,1.0,2.371831e-16,0.16369297
947,1.0,9.5737825e-17,-0.30512294
948,1.0,2.5712905e-16,0.62500536
949,1.0,1.8821509e-16,0.64931923
950,1.0,5.761255e-16,-0.71652246
951,1.0,7.8789046e-17,-0.07296675
952,1.0,3.2680814e-17,-1.0301594
953,1.0,6.0214127e-16,-0.113299504
954,1.0,2.0115574e-16,-0.4605931
955,1.0,2.4585444e-17,0.28786227
956,1.0,4.5693804e-17,0.9158457
957,1.0,1.1310059e-16,0.25546843
958,1.0,1.0399624e-15,-0.17212065
959,1.0,6.7160865e-17,-1.6533303
960,1.0,3.450189e-17,-0.49291393
961,1.0,2.7738069e-17,-1.6745114
962,1.0,5.588451e-17,-1.7109373
963,1.0,6.044861e-17,2.2230806
964,1.0,7.732528e-17,0.552957
965,1.0,5.0147676e-18,-0.004823193
966,1.0,5.2812817e-16,-0.9763928
967,1.0,9.983567e-17,-1.0461686
968,1.0,3.300543e-17,0.27219614
969,1.0,3.570862e-17,-0.8748702
970,1.0,5.1691228e-17,0.35039333
971,1.0,2.6992146e-17,0.35581675
972,1.0,9.070017e-17,0.5258213
973,1.0,1.4408729e-16,1.7375132
974,1.0,2.1448642e-16,-0.5896829
975,1.0,6.493037e-17,0.99479866
976,1.0,5.5381754e-17,-0.008231586
977,1.0,3.5148975e-17,-1.9710715
978,1.0,2.2065251e-17,-0.1607641
979,1.0,1.6218039e-16,-0.26452756
980,1.0,3.5915315e-17,2.195716
981,1.0,1.02512844e-16,-0.6864185
982,1.0,6.3122886e-16,0.11500663
983,1.0,1.368559e-16,1.1489873
984,1.0,5.219932e-16,-1.2361484
985,1.0,4.125116e-17,-2.393806
986,1.0,1.5696892e-16,-0.6838726
987,1.0,3.5240945e-17,-0.064117245
988,1.0,3.2983278e-17,0.1608226
989,1.0,2.2104173e-17,-1.0231655
990,1.0,8.967563e-17,-0.25826976
991,1.0,2.2695628e-16,-0.3850035
992,1.0,6.328246e-17,-1.162154
993,1.0,4.9150024e-16,-1.3180094
994,1.0,5.2661706e-17,0.46488568
995,1.0,1.0749977e-16,0.9991503
996,1.0,4.4767317e-16,-1.0302365
997,1.0,5.255414e-17,-1.1400464
998,1.0,8.275184e-17,1.2876229
999,1.0,2.6413095e-16,1.0790806
1000,1.0,3.2749454e-17,1.2927912
1001,1.0,6.706103e-17,0.24166465
1002,1.0,8.723681e-17,0.78955775
1003,1.0,3.627261e-17,2.1787777
1004,1.0,8.9507136e-17,0.8996367
1005,1.0,3.4089526e-17,0.8190051
1006,1.0,9.0772855e-17,0.99396217
1007,1.0,2.1696671e-16,1.529189
1008,1.0,1.180618e-16,0.8536861
1009,1.0,5.6564214e-16,0.22367424
1010,1.0,2.3816047e-16,-0.20244516
1011,1.0,2.5678108e-16,0.43602264
1012,1.0,4.9812714e-17,-0.89745563
1013,1.0,1.0422847e-17,-0.22662304
1014,1.0,3.713477e-17,0.103130944
1015,1.0,3.0013177e-17,0.64826447
1016,1.0,2.832782e-16,1.074576
1017,1.0,1.5352471e-16,-0.26659048
1018,1.0,2.4562865e-16,-0.6872617
1019,1.0,7.000162e-17,0.65207046
1020,1.0,1.794078e-16,1.4415263
1021,1.0,2.5387663e-16,-0.07255894
1022,1.0,1.2373808e-16,0.5992109
1023,1.0,6.804904e-17,-1.2885295
1024,1.0,6.2762455e-17,0.19266845
1025,1.0,1.5781248e-16,-0.078399844
1026,1.0,1.9787239e-17,1.1309884
1027,1.0,7.418959e-17,-0.32289726
1028,1.0,5.516163e-17,0.98746186
1029,1.0,2.4851076e-16,-0.4530452
1030,1.0,2.3037912e-16,-0.11587893
1031,1.0,7.2336794e-16,-0.8236454
1032,1.0,5.7342615e-17,-0.17100357
1033,1.0,1.0996974e-16,0.07087959
1034,1.0,2.581679e-16,-0.86725515
1035,1.0,1.3110592e-16,0.4644971
1036,1.0,4.0489594e-16,0.17367353
1037,1.0,3.4372904e-16,1.2050669
1038,1.0,4.391448e-17,-0.43483427
1039,1.0,1.8778122e-16,-0.7267858
1040,1.0,9.78017e-16,0.05176948
1041,1.0,2.8422858e-16,1.8429134
1042,1.0,7.324027e-17,-1.6561111
1043,1.0,1.1586222e-16,1.7039121
1044,1.0,2.005757e-16,-1.1776206
1045,1.0,1.08877364e-16,0.24476178
1046,1.0,1.0886159e-16,0.97123444
1047,1.0,2.4764095e-17,0.95571923
1048,1.0,3.1332842e-16,-1.8395338
1049,1.0,3.9113536e-16,0.3623123
1050,1.0,1.2326414e-16,-1.4123702
1051,1.0,2.4514268e-17,-0.013699519
1052,1.0,7.148583e-17,0.1737817
1053,1.0,7.570308e-17,-0.5550322
1054,1.0,7.924601e-17,-0.772815
1055,1.0,2.040384e-16,-1.2934225
1056,1.0,5.640344e-17,0.15986408
1057,1.0,2.3852129e-17,2.2953062
1058,1.0,4.2045376e-16,1.0545608
1059,1.0,1.461198e-16,1.3152869
1060,1.0,5.5431027e-16,0.8184674
1061,1.0,8.272091e-17,2.683364
1062,1.0,9.936871e-17,-1.0279624
1063,1.0,3.7014154e-16,-0.94131523
1064,1.0,5.8063275e-17,-1.1405957
1065,1.0,1.3330624e-16,-0.64339155
1066,1.0,5.1900273e-17,1.6747712
1067,1.0,7.870584e-17,1.4703135
1068,1.0,1.4889551e-16,-0.6223839
1069,1.0,2.8430015e-16,0.5433441
1070,1.0,2.749094e-17,-0.32835922
1071,1.0,7.538465e-17,0.24351569
1072,1.0,4.1720863e-17,-0.8044517
1073,1.0,1.708066e-16,-0.26129577
1074,1.0,1.6737834e-16,-1.2369741
1075,1.0,1.9702589e-16,0.3086633
1076,1.0,1.05655654e-16,0.25726956
1077,1.0,3.1754834e-16,-1.5088682
1078,1.0,3.4633225e-17,-0.81568635
1079,1.0,7.832038e-17,0.109551996
1080,1.0,2.5777823e-16,-1.9400222
1081,1.0,1.3211606e-16,0.40394217
1082,1.0,7.8310816e-17,-1.3234715
1083,1.0,1.5290635e-16,0.41628224
1084,1.0,1.1420042e-17,1.3661929
1085,1.0,2.0294621e-16,1.1895278
1086,1.0,1.04628084e-16,-0.38308218
1087,1.0,9.369289e-17,-1.5619138
1088,1.0,2.1752683e-17,-0.1528014
1089,1.0,6.3129625e-16,0.12770191
1090,1.0,6.175595e-17,-0.5300695
1091,1.0,7.9913866e-17,0.28051
1092,1.0,1.2207463e-16,0.7027957
1093,1.0,4.6884054e-17,-0.38006768
1094,1.0,1.4982822e-16,-0.5840764
1095,1.0,4.6982726e-16,0.49533856
1096,1.0,2.4667267e-17,-0.81290716
1097,1.0,5.603885e-17,1.1748654
1098,1.0,1.6654591e-16,0.49813384
1099,1.0,1.6572835e-16,0.19695143
1100,1.0,4.215183e-17,1.7269889
1101,1.0,1.05761705e-16,-1.1665511
1102,1.0,1.0664286e-16,0.17270018
1103,1.0,3.186927e-16,-1.0525781
1104,1.0,2.2302973e-16,-0.20589095
1105,1.0,3.8450895e-17,0.22246358
1106,1.0,9.8896013e-17,1.0687308
1107,1.0,2.7170985e-16,-0.3754918
1108,1.0,2.07954e-16,0.77308786
1109,1.0,2.5673113e-16,0.16984835
1110,1.0,5.612057e-17,0.5104899
1111,1.0,9.411738e-17,1.0682211
1112,1.0,1.9692895e-16,0.38659096
1113,1.0,1.2574848e-17,1.404874
1114,1.0,8.384683e-17,-1.723544
1115,1.0,1.7876553e-17,-0.0793497
1116,1.0,1.2133829e-16,-0.14062972
1117,1.0,1.3330472e-16,1.5212535
1118,1.0,9.5850374e-17,0.043705124
1119,1.0,4.9949718e-17,-1.4800148
1120,1.0,1.4971739e-16,0.14336394
1121,1.0,7.821409e-17,-1.0622185
1122,1.0,1.2181227e-16,1.296378
1123,1.0,1.7419206e-16,-0.6272992
1124,1.0,5.1086668e-17,-0.0756016
1125,1.0,3.7284097e-17,1.3228602
1126,1.0,3.793357e-16,-1.0138571
1127,1.0,1.1412252e-16,-1.4068686
1128,1.0,4.388936e-17,0.4035129
1129,1.0,1.3528625e-16,-0.36900008
1130,1.0,1.2801855e-16,-0.0067579187
1131,1.0,6.046245e-17,-0.057836466
1132,1.0,1.350743e-16,-1.129774
1133,1.0,1.31412794e-17,-0.5857028
1134,1.0,1.6720788e-17,0.40407777
1135,1.0,1.2079288e-16,0.27192554
1136,1.0,3.610504e-16,-1.0375766
1137,1.0,1.5443221e-16,-0.7582156
1138,1.0,8.5987264e-17,-1.5715394
1139,1.0,2.4130817e-16,-1.6979752
1140,1.0,3.5106362e-17,-1.4896176
1141,1.0,2.4876388e-17,0.30990168
1142,1.0,1.0700798e-16,1.5172311
1143,1.0,1.3304462e-16,-0.15896006
1144,1.0,5.737215e-17,0.7813077
1145,1.0,3.1527896e-17,-0.32919487
1146,1.0,7.712202e-17,1.5575231
1147,1.0,3.0322628e-17,-0.25888455
1148,1.0,1.5451588e-16,0.6105502
1149,1.0,6.628328e-17,0.07127081
1150,1.0,1.4710974e-16,-1.7233055
1151,1.0,6.5405465e-16,1.4434395
1152,1.0,2.1264119e-16,-1.3272374
1153,1.0,6.748394e-17,-1.3554366
1154,1.0,3.3928413e-16,0.44824943
1155,1.0,3.1453778e-17,-1.2160978
1156,1.0,9.2568135e-17,0.6422099
1157,1.0,1.01752725e-16,0.3040385
1158,1.0,2.0896471e-16,1.5343639
1159,1.0,1.6777981e-16,-1.3902403
1160,1.0,7.094197e-17,1.2097645
1161,1.0,5.870741e-16,-0.8933729
1162,1.0,9.706536e-17,-0.9104674
1163,1.0,6.689393e-17,0.742586
1164,1.0,3.2125228e-16,0.5851617
1165,1.0,2.5437187e-17,1.1727523
1166,1.0,1.1166274e-16,-0.47004148
1167,1.0,2.314882e-16,0.45413652
1168,1.0,7.0371636e-17,1.6123289
1169,1.0,1.035536e-16,0.121034786
1170,1.0,2.092878e-16,-1.9695516
1171,1.0,1.2565312e-16,-0.54250556
1172,1.0,2.767191e-17,1.7562019
1173,1.0,2.1372104e-17,0.60531557
1174,1.0,2.3857236e-16,-0.9629462
1175,1.0,1.17628e-16,0.5578419
1176,1.0,3.2162995e-16,0.20898363
1177,1.0,1.0300126e-16,-0.26209378
1178,1.0,6.973563e-17,0.19561249
1179,1.0,1.6239149e-16,0.124097094
1180,1.0,9.398355e-17,-0.007973062
1181,1.0,1.6599789e-16,-0.3481138
1182,1.0,1.1014901e-16,-0.63330626
1183,1.0,5.0817666e-17,0.5830932
1184,1.0,5.4280984e-16,-1.1458
1185,1.0,6.461705e-17,-0.34928873
1186,1.0,2.4727658e-17,-0.052858163
1187,1.0,1.0505562e-16,-0.6178555
1188,1.0,3.181787e-17,-0.044739604
1189,1.0,1.9584418e-16,0.7316323
1190,1.0,9.1930134e-17,-1.63736
1191,1.0,1.377589e-16,-1.3215609
1192,1.0,2.0938922e-16,0.27001542
1193,1.0,1.8149006e-16,1.0899056
1194,1.0,2.2457157e-16,0.17894195
1195,1.0,2.9252585e-16,-0.5360145
1196,1.0,7.052505e-18,0.56694883
1197,1.0,3.390847e-17,-1.0317334
1198,1.0,1.01014813e-16,0.30173224
1199,1.0,1.2224892e-16,-0.12808791
1200,1.0,7.131178e-17,1.5606891
1201,1.0,5.0885948e-17,0.010554684
1202,1.0,5.862237e-16,0.042287722
1203,1.0,5.364795e-17,0.06915344
1204,1.0,5.992812e-17,0.28135738
1205,1.0,6.064517e-17,0.41729197
1206,1.0,5.076344e-16,-0.42032918
1207,1.0,3.2008148e-17,-0.0014848805
1208,1.0,3.1098497e-16,-1.4268589
1209,1.0,7.996388e-17,1.6327966
1210,1.0,2.2805052e-17,-1.7371001
1211,1.0,5.283697e-17,0.44475484
1212,1.0,2.868668e-16,2.126212
1213,1.0,1.307553e-16,-0.20305274
1214,1.0,7.994314e-17,-0.21938217
1215,1.0,1.8135441e-16,0.6012925
1216,1.0,7.7742014e-17,-0.84999615
1217,1.0,2.1487378e-16,-1.2059867
1218,1.0,6.094085e-17,-0.888613
1219,1.0,6.969763e-16,-0.77979267
1220,1.0,2.6512009e-17,-0.034999665
1221,1.0,5.197754e-17,1.143484
1222,1.0,1.5479849e-16,-1.9708145
1223,1.0,7.9697416e-17,-0.4993847
1224,1.0,4.5363644e-17,-0.21672654
1225,1.0,7.27169e-17,-0.7707493
1226,1.0,2.0404853e-16,-1.1654721
1227,1.0,6.490585e-17,0.79678655
1228,1.0,7.5573524e-17,0.93328094
1229,1.0,3.0049163e-16,0.44598553
1230,1.0,7.5253914e-17,-2.7829642
1231,1.0,8.750144e-17,-1.5798763
1232,1.0,7.4585446e-17,1.0934906
1233,1.0,2.2185017e-17,1.3568143
1234,1.0,7.070584e-17,-0.6638903
1235,1.0,2.03426e-16,1.0436411
1236,1.0,2.3251648e-17,-0.50472987
1237,1.0,2.3779643e-16,-1.0814962
1238,1.0,8.967631e-17,0.26043853
1239,1.0,1.88763e-16,-0.36675912
1240,1.0,4.3409486e-17,-0.04801457
1241,1.0,4.343052e-17,0.93681765
1242,1.0,1.1539203e-16,1.3225554
1243,1.0,1.4308977e-17,1.2621896
1244,1.0,6.5544087e-16,-1.3146243
1245,1.0,9.590012e-17,-1.2851613
1246,1.0,2.0341126e-16,1.3281245
1247,1.0,3.4618432e-17,-0.5766046
1248,1.0,2.356877e-16,1.1397111
1249,1.0,2.7678784e-16,-0.7667484
1250,1.0,5.8976065e-17,-0.43006724
1251,1.0,1.2346131e-16,0.12880214
1252,1.0,6.0916446e-17,1.1147457
1253,1.0,1.1926133e-16,-0.93287146
1254,1.0,3.479148e-16,0.46052614
1255,1.0,5.0006173e-16,-0.63295466
1256,1.0,4.131967e-17,0.22933325
1257,1.0,3.2554912e-16,0.5438511
1258,1.0,1.5135282e-16,1.5402931
1259,1.0,2.2930069e-16,-0.9191389
1260,1.0,5.7469405e-17,0.011009817
1261,1.0,2.563074e-16,-0.8460632
1262,1.0,1.3013875e-16,2.4612243
1263,1.0,6.136612e-17,0.44116947
1264,1.0,3.8894223e-16,0.09838834
1265,1.0,3.1262146e-17,0.19743103
1266,1.0,4.071431e-17,-0.8981209
1267,1.0,1.5171931e-16,-0.03328389
1268,1.0,4.8387445e-17,0.19384314
1269,1.0,4.700242e-17,2.78042
1270,1.0,7.247984e-17,0.6465991
1271,1.0,1.2787944e-16,2.1960902
1272,1.0,3.441067e-17,-0.73760396
1273,1.0,3.8801452e-16,-0.51177996
1274,1.0,1.2059904e-16,0.6522455
1275,1.0,3.8318693e-16,-0.60236794
1276,1.0,2.1539234e-17,-0.73675925
1277,1.0,1.2799901e-16,-0.25451475
1278,1.0,2.9151547e-16,2.4077497
1279,1.0,3.6913597e-17,0.1999725
1280,1.0,8.667754e-17,0.3625438
1281,1.0,6.4592906e-17,0.76979876
1282,1.0,3.7383667e-16,0.22195733
1283,1.0,7.260741e-17,1.1090324
1284,1.0,2.990759e-16,-1.4550463
1285,1.0,3.3319666e-17,-0.9512419
1286,1.0,1.8558288e-16,-0.16702503
1287,1.0,1.8997742e-15,0.7198687
1288,1.0,1.642975e-17,1.2925963
1289,1.0,8.2981025e-17,1.1659458
1290,1.0,3.5625352e-17,-0.70089114
1291,1.0,5.314953e-16,-0.90550286
1292,1.0,2.6522137e-16,0.9701347
1293,1.0,5.249586e-16,-0.40218866
1294,1.0,1.8343757e-16,-0.53505963
1295,1.0,8.9953834e-17,1.2969853
1296,1.0,7.900635e-17,-0.8246277
1297,1.0,1.2428021e-16,-0.8798178
1298,1.0,1.0621737e-16,-0.42445192
1299,1.0,3.027433e-16,0.7171434
1300,1.0,1.7799737e-16,-0.46530896
1301,1.0,2.8956705e-16,0.31231067
1302,1.0,2.7281583e-17,-0.4798495
1303,1.0,1.4704851e-17,0.20581254
1304,1.0,2.0477683e-16,-0.43525907
1305,1.0,1.6297112e-16,1.8129913
1306,1.0,8.1515526e-17,-1.269947
1307,1.0,2.5969186e-17,-1.1911482
1308,1.0,5.1090175e-17,0.19837914
1309,1.0,5.272804e-17,0.5819898
1310,1.0,4.91395e-17,1.4816685
1311,1.0,1.9609087e-16,0.07082861
1312,1.0,1.94003e-17,0.9851179
1313,1.0,2.9923778e-17,1.3549641
1314,1.0,4.6212704e-16,-0.90837336
1315,1.0,3.5459417e-16,-1.1235658
1316,1.0,4.2442928e-16,-1.3502887
1317,1.0,1.9410747e-16,1.0307428
1318,1.0,8.759295e-17,1.0746925
1319,1.0,1.3605946e-16,-0.24789833
1320,1.0,2.6669132e-17,-1.2475284
1321,1.0,2.6739843e-16,-1.2989507
1322,1.0,1.1920402e-16,0.022061896
1323,1.0,1.2858433e-16,-0.3282048
1324,1.0,7.765339e-17,0.31448817
1325,1.0,6.209375e-17,-1.7623153
1326,1.0,5.732949e-17,-0.18661231
1327,1.0,6.861782e-17,-1.6744869
1328,1.0,7.4293816e-17,-1.0273994
1329,1.0,3.6445012e-17,1.380018
1330,1.0,1.2593528e-16,-0.16671342
1331,1.0,1.0408231e-16,-1.0546888
1332,1.0,3.512728e-16,-0.06938378
1333,1.0,5.1863063e-17,-0.9690464
1334,1.0,1.2124113e-16,0.69941884
1335,1.0,5.777053e-17,-0.63941735
1336,1.0,9.355895e-17,-0.015917225
1337,1.0,3.3321317e-17,-0.09858536
1338,1.0,4.5943247e-16,-0.41625285
1339,1.0,1.1465613e-17,0.75982416
1340,1.0,8.656982e-17,-1.5251544
1341,1.0,2.7691338e-17,-0.5126555
1342,1.0,4.2063344e-16,0.2431414
1343,1.0,7.508359e-17,-1.0817755
1344,1.0,2.461558e-16,-0.9195815
1345,1.0,7.8713045e-17,-1.217875
1346,1.0,3.0885558e-17,-0.07055009
1347,1.0,1.617004e-16,0.618473
1348,1.0,8.3565835e-17,0.39928254
1349,1.0,4.9045305e-17,-0.20275964
1350,1.0,4.6530557e-17,1.3593103
1351,1.0,1.7290969e-16,0.4362222
1352,1.0,1.7565674e-16,0.6469414
1353,1.0,2.3656683e-16,1.098071
1354,1.0,1.7927029e-16,-1.2098407
1355,1.0,3.906565e-17,1.5599277
1356,1.0,4.9870133e-17,2.0451505
1357,1.0,6.13605e-17,0.20479357
1358,1.0,5.801479e-17,1.960187
1359,1.0,1.6469219e-17,0.38575503
1360,1.0,1.3543038e-15,0.04088876
1361,1.0,3.439558e-17,2.132321
1362,1.0,6.0305126e-17,-0.22687387
1363,1.0,8.680758e-17,-1.8007592
1364,1.0,3.9014586e-16,-0.8509787
1365,1.0,3.573969e-17,-1.5110072
1366,1.0,3.5917916e-17,1.2432476
1367,1.0,6.692149e-17,-0.3303719
1368,1.0,3.5853714e-17,0.4404275
1369,1.0,3.2653417e-16,-0.98066586
1370,1.0,5.3487335e-17,-0.5607233
1371,1.0,1.4361536e-16,1.4523559
1372,1.0,3.2511705e-17,-0.7323748
1373,1.0,2.8307606e-17,1.107381
1374,1.0,1.6225209e-17,-1.1238481
1375,1.0,1.001901e-16,0.33615175
1376,1.0,1.3033493e-17,-0.13233596
1377,1.0,1.6116825e-17,-0.5271967
1378,1.0,2.9585875e-17,-0.25578588
1379,1.0,6.4658265e-16,0.340799
1380,1.0,7.643433e-17,-0.34957057
1381,1.0,8.980092e-17,-1.3159626
1382,1.0,4.5016803e-17,-0.20926513
1383,1.0,2.1851164e-16,-1.0651518
1384,1.0,1.9624802e-16,1.7928813
1385,1.0,1.00621764e-16,-2.5615015
1386,1.0,4.5275648e-17,0.92377484
1387,1.0,3.2065006e-15,0.10896609
1388,1.0,1.6961117e-17,0.7653901
1389,1.0,6.408193e-17,-1.1169201
1390,1.0,1.5675582e-17,-0.27107337
1391,1.0,1.7282924e-16,-0.22114171
1392,1.0,3.592602e-16,0.34739813
1393,1.0,1.8157316e-16,0.49380702
1394,1.0,1.1613923e-16,-0.023210306
1395,1.0,2.4284188e-17,-0.5118487
1396,1.0,2.7065353e-17,-0.63560456
1397,1.0,5.154237e-17,-0.5389789
1398,1.0,7.545801e-17,-1.4779643
1399,1.0,1.6747862e-16,-1.7754694
1400,1.0,3.1883252e-16,-0.24734075
1401,1.0,2.2812982e-16,-1.4962435
1402,1.0,4.2574903e-17,0.746328
1403,1.0,1.7233934e-17,0.79402936
1404,1.0,1.8751279e-16,0.9286533
1405,1.0,7.020807e-17,0.3381556
1406,1.0,1.3310756e-16,0.2138152
1407,1.0,4.210394e-17,-0.7298859
1408,1.0,1.2966453e-16,0.36554742
1409,1.0,6.3268247e-16,0.80902725
1410,1.0,1.4103437e-16,-0.12699874
1411,1.0,1.2054109e-16,-0.53611153
1412,1.0,2.5589906e-16,0.2384516
1413,1.0,2.88883e-16,-1.2909269
1414,1.0,1.0830282e-16,-0.51070875
1415,1.0,1.2029854e-16,-1.5578616
1416,1.0,5.3407413e-17,0.21581413
1417,1.0,5.292755e-17,-0.49211395
1418,1.0,2.649726e-16,1.9179436
1419,1.0,4.947638e-17,-0.09802401
1420,1.0,1.1693097e-16,-0.92632943
1421,1.0,3.924399e-17,-2.563226
1422,1.0,1.7452529e-16,1.9049479
1423,1.0,4.1503572e-16,0.40840295
1424,1.0,5.223936e-16,1.3096999
1425,1.0,5.4454547e-17,1.177065
1426,1.0,5.359129e-17,0.7481448
1427,1.0,1.9423043e-16,-0.9683083
1428,1.0,9.970171e-17,-0.6725236
1429,1.0,1.1702602e-16,-1.7952099
1430,1.0,5.5618877e-17,0.5007177
1431,1.0,5.756288e-17,-0.5886935
1432,1.0,2.0521006e-16,0.68340683
1433,1.0,1.1279726e-16,-2.7441947
1434,1.0,4.6299874e-16,0.7124528
1435,1.0,1.953382e-17,-0.38376626
1436,1.0,1.371245e-16,-0.41003615
1437,1.0,1.1646576e-16,0.13531445
1438,1.0,1.2561238e-16,0.43918502
1439,1.0,7.064706e-17,1.081506
1440,1.0,4.1359408e-17,-0.7890099
1441,1.0,6.125246e-17,0.091992065
1442,1.0,1.4434586e-16,1.3274312
1443,1.0,7.597564e-16,0.3551434
1444,1.0,6.0059678e-18,1.2295688
1445,1.0,7.208475e-16,-1.0433846
1446,1.0,4.0576005e-17,0.8750349
1447,1.0,3.413559e-17,0.03338934
1448,1.0,1.9212655e-16,0.8698302
1449,1.0,9.345444e-17,0.9062469
1450,1.0,1.5569927e-16,-0.1894879
1451,1.0,7.633759e-17,0.74106616
1452,1.0,1.2936358e-17,0.9793491
1453,1.0,2.5084807e-16,-0.9658166
1454,1.0,7.801325e-17,0.0059104734
1455,1.0,8.4827425e-17,-0.75435793
1456,1.0,1.105759e-16,-0.1430311
1457,1.0,2.1949326e-16,-0.52679104
1458,1.0,4.377482e-17,-0.5048059
1459,1.0,2.1742241e-16,0.2158153
1460,1.0,1.1495268e-16,-2.0682755
1461,1.0,1.02037255e-16,0.19957772
1462,1.0,1.3327058e-17,0.87987685
1463,1.0,6.457467e-17,-0.2971083
1464,1.0,4.4232722e-18,-1.0627029
1465,1.0,2.3182138e-16,-0.7052356
1466,1.0,7.757079e-17,-0.9328122
1467,1.0,2.9727174e-17,0.708908
1468,1.0,3.1853332e-17,0.7392593
1469,1.0,1.0152004e-17,0.112852186
1470,1.0,1.6837416e-16,0.85687304
1471,1.0,2.6438397e-16,0.5627084
1472,1.0,6.535184e-16,0.03925836
1473,1.0,3.0628508e-16,0.4521661
1474,1.0,7.740171e-17,-1.7726125
1475,1.0,2.0967777e-16,-0.35881242
1476,1.0,1.6503818e-16,1.5154107
1477,1.0,9.245238e-17,-0.12329869
1478,1.0,1.8972747e-16,-0.9801529
1479,1.0,3.1117484e-16,1.5693733
1480,1.0,1.5897742e-16,-0.29453707
1481,1.0,2.5952747e-17,-0.10273394
1482,1.0,3.316243e-17,0.72786194
1483,1.0,1.4649263e-16,1.0062693
1484,1.0,3.3444987e-16,1.3823895
1485,1.0,5.5461458e-17,-1.2295105
1486,1.0,1.2380607e-16,-1.3354406
1487,1.0,1.2058708e-16,0.64861774
1488,1.0,1.2517853e-16,0.119841956
1489,1.0,2.1403362e-16,-0.52722
1490,1.0,1.5788173e-16,-0.9114225
1491,1.0,1.06831786e-16,-1.1489785
1492,1.0,1.8321029e-16,-1.2657518
1493,1.0,3.6049967e-17,1.6402974
1494,1.0,1.3367595e-16,-0.7627232
1495,1.0,1.6299156e-17,1.9882698
1496,1.0,7.615667e-17,0.58773047
1497,1.0,1.240377e-16,-1.2208797
1498,1.0,1.0309639e-16,0.818472
1499,1.0,7.026032e-17,-0.07369802
1500,1.0,2.3841497e-16,-0.023308348
1501,1.0,9.513204e-17,0.04619982
1502,1.0,2.4675184e-16,0.7300257
1503,1.0,1.3312482e-16,2.0943608
1504,1.0,1.0604935e-16,0.28125238
1505,1.0,3.7700285e-17,0.24534036
1506,1.0,7.7866376e-17,1.022957
1507,1.0,6.143314e-16,-0.2274696
1508,1.0,1.2952215e-16,-1.474883
1509,1.0,2.3863233e-17,1.0368056
1510,1.0,2.7910773e-16,-0.031696104
1511,1.0,2.1264524e-16,0.8341474
1512,1.0,6.246198e-17,1.442229
1513,1.0,2.6651246e-16,-0.7318799
1514,1.0,3.765934e-16,1.1745304
1515,1.0,1.4830088e-16,-0.06779147
1516,1.0,2.9791898e-16,-0.53922576
1517,1.0,8.953514e-17,-0.9538705
1518,1.0,6.246532e-17,0.81960833
1519,1.0,8.1737224e-17,1.7710137
1520,1.0,7.800049e-16,0.08820819
1521,1.0,5.029848e-17,-1.2725538
1522,1.0,1.6238406e-16,0.3603789
1523,1.0,1.1150864e-16,0.4136139
1524,1.0,1.283917e-16,1.4147778
1525,1.0,5.2513257e-17,-0.22056553
1526,1.0,1.0040704e-16,0.38202313
1527,1.0,1.7167015e-16,0.22746974
1528,1.0,2.5971168e-17,0.37741363
1529,1.0,7.054607e-17,-0.4939948
1530,1.0,1.269017e-16,0.36406022
1531,1.0,2.3477959e-16,0.32742035
1532,1.0,7.448962e-17,-0.15637593
1533,1.0,5.670396e-17,0.6143588
1534,1.0,2.975124e-16,-0.4708871
1535,1.0,2.0033778e-17,0.35052782
1536,1.0,1.0512096e-16,-1.1796166
1537,1.0,8.338306e-17,-1.8388813
1538,1.0,3.6279686e-16,-0.2846612
1539,1.0,1.27377e-16,1.853207
1540,1.0,4.6206157e-17,0.8873342
1541,1.0,1.8221011e-16,0.0677018
1542,1.0,4.0116744e-17,0.70481735
1543,1.0,1.7944954e-16,0.5516517
1544,1.0,1.1908812e-16,1.6749462
1545,1.0,2.7165687e-17,-0.13706549
1546,1.0,4.148582e-17,-1.3824254
1547,1.0,1.7434621e-17,0.27935618
1548,1.0,6.6662625e-17,-0.27168489
1549,1.0,7.0416787e-16,1.2185194
1550,1.0,9.417017e-17,1.4698724
1551,1.0,1.9575903e-16,1.2551157
1552,1.0,5.7787724e-17,0.53624016
1553,1.0,7.389584e-17,-1.7514724
1554,1.0,6.527507e-17,1.132282
1555,1.0,3.7133236e-16,-2.8402197
1556,1.0,8.213543e-17,-0.5021635
1557,1.0,3.102111e-17,-0.1210099
1558,1.0,1.6116833e-16,-1.2640128
1559,1.0,5.666161e-16,0.25371638
1560,1.0,2.2918951e-17,-0.27146313
1561,1.0,3.9192095e-16,-0.85770273
1562,1.0,5.588344e-17,-1.871813
1563,1.0,8.513994e-17,-0.79199123
1564,1.0,2.5143342e-16,-0.79551333
1565,1.0,2.9651632e-17,1.2312456
1566,1.0,3.3791738e-17,1.4479403
1567,1.0,7.2713014e-17,0.19064197
1568,1.0,2.7093449e-17,0.4521305
1569,1.0,7.1644714e-17,1.1929516
1570,1.0,3.1209124e-17,0.5890843
1571,1.0,1.4452383e-16,-1.2536454
1572,1.0,3.41421e-17,-0.24123506
1573,1.0,2.9667827e-16,0.48574919
1574,1.0,3.6690102e-17,1.394238
1575,1.0,9.788861e-17,-0.5053766
1576,1.0,3.6707899e-16,-0.6748397
1577,1.0,7.874398e-17,1.5686743
1578,1.0,6.3900556e-17,-0.40589553
1579,1.0,4.0950132e-17,1.3378102
1580,1.0,1.01357193e-16,0.7606927
1581,1.0,2.7998843e-17,1.3169132
1582,1.0,8.7419365e-17,-0.35653126
1583,1.0,1.3068051e-16,0.39142293
1584,1.0,4.586112e-16,-1.7742791
1585,1.0,5.3319063e-17,1.0235242
1586,1.0,1.538724e-16,0.03872822
1587,1.0,1.1825156e-16,1.3364911
1588,1.0,7.4875363e-17,-0.5778723
1589,1.0,7.8451345e-17,0.1943908
1590,1.0,1.1510715e-16,1.3191172
1591,1.0,2.922459e-16,0.018583206
1592,1.0,1.8850395e-16,-1.6985403
1593,1.0,5.668342e-17,1.7940506
1594,1.0,8.211851e-17,0.1474008
1595,1.0,1.9758964e-16,1.021851
1596,1.0,7.5941414e-17,0.48503146
1597,1.0,2.0304378e-16,-1.1328764
1598,1.0,1.9375756e-16,-0.5773307
1599,1.0,2.5556932e-16,0.020479249
1600,1.0,1.3140734e-16,-1.2551033
1601,1.0,2.8503204e-16,-1.0728837
1602,1.0,4.3136946e-17,0.50411755
1603,1.0,1.7164602e-15,0.2721751
1604,1.0,7.40059e-16,-1.5530683
1605,1.0,1.4987738e-16,-1.4983907
1606,1.0,1.1627753e-16,0.69069874
1607,1.0,8.163844e-17,-0.80770504
1608,1.0,4.3879483e-17,-0.008178058
1609,1.0,1.3431898e-16,-2.3296654
1610,1.0,8.230668e-17,-0.24021041
1611,1.0,4.9611322e-17,-0.35546526
1612,1.0,7.131913e-17,-1.4007559
1613,1.0,1.1137006e-16,-0.29304257
1614,1.0,4.2041345e-17,0.403044
1615,1.0,1.8904691e-16,0.69457895
1616,1.0,7.7501874e-17,-0.30025697
1617,1.0,1.8665353e-16,2.3567283
1618,1.0,1.3635043e-16,0.4962373
1619,1.0,3.5854944e-17,2.0612152
1620,1.0,1.22059665e-17,-0.6679111
1621,1.0,7.489307e-17,-0.73079014
1622,1.0,1.0818596e-16,0.7581296
1623,1.0,9.730856e-17,-0.3892935
1624,1.0,6.926001e-17,0.4632069
1625,1.0,1.6475008e-16,0.021370271
1626,1.0,1.3874034e-16,0.828875
1627,1.0,2.2271943e-16,-0.549136
1628,1.0,5.018521e-17,-0.65295035
1629,1.0,3.6648995e-16,0.2226067
1630,1.0,2.7435938e-17,-1.0701802
1631,1.0,3.0925067e-16,0.70607483
1632,1.0,6.221419e-17,-0.23829973
1633,1.0,5.5268632e-17,1.2517482
1634,1.0,1.73886e-16,-0.42277083
1635,1.0,2.6091834e-16,-0.7576992
1636,1.0,1.8782564e-16,-0.61710566
1637,1.0,6.5513055e-17,-1.3651596
1638,1.0,1.02403795e-16,0.42153007
1639,1.0,2.2232386e-16,-0.7398069
1640,1.0,4.0438173e-17,-0.87339264
1641,1.0,1.674914e-16,0.45739534
1642,1.0,1.1913492e-16,0.96543086
1643,1.0,1.5874472e-16,-0.4153492
1644,1.0,5.717617e-17,0.6253877
1645,1.0,1.5636232e-16,-0.561548
1646,1.0,1.00348456e-16,-0.8429608
1647,1.0,8.293703e-17,-0.1576173
1648,1.0,1.4699532e-16,-0.4293171
1649,1.0,4.366658e-17,-1.2113866
1650,1.0,5.8555513e-17,-0.48325178
1651,1.0,1.4055636e-16,-0.3852372
1652,1.0,4.9041937e-17,0.7930323
1653,1.0,6.183185e-17,-1.7487223
1654,1.0,3.137768e-17,-0.3196941
1655,1.0,6.9605695e-16,0.0016149444
1656,1.0,1.0706188e-16,-0.13278721
1657,1.0,8.155036e-17,-1.7103956
1658,1.0,9.987528e-17,2.0017745
1659,1.0,1.6374509e-16,-0.36206064
1660,1.0,6.35779e-17,0.7113119
1661,1.0,8.57367e-17,-0.8664511
1662,1.0,2.2106968e-16,-0.5263194
1663,1.0,7.427907e-17,0.87114024
1664,1.0,3.3076517e-17,0.348769
1665,1.0,3.817234e-17,-0.6196657
1666,1.0,4.509174e-17,0.11949056
1667,1.0,2.4080702e-16,-0.91707873
1668,1.0,5.6039276e-17,2.1511865
1669,1.0,5.906229e-17,0.40575135
1670,1.0,2.19274e-16,-1.7221847
1671,1.0,2.0215808e-16,-1.9481878
1672,1.0,3.8353625e-17,-0.5769457
1673,1.0,1.0424767e-15,-0.6202334
1674,1.0,1.487167e-16,0.60922563
1675,1.0,8.140552e-17,-0.53158295
1676,1.0,3.360842e-17,-0.7407999
1677,1.0,3.669178e-17,-0.84917426
1678,1.0,5.2676575e-17,-0.11541404
1679,1.0,8.129132e-17,-1.5226461
1680,1.0,1.737336e-15,-0.8040991
1681,1.0,1.6375008e-16,-0.35035348
1682,1.0,1.6411528e-16,0.90885884
1683,1.0,8.95389e-17,1.1544299
1684,1.0,4.8257307e-17,1.1231
1685,1.0,3.2782074e-17,-0.98734814
1686,1.0,4.1281564e-16,-0.5330554
1687,1.0,3.9170274e-16,0.38735613
1688,1.0,1.5306507e-16,0.79745173
1689,1.0,1.4088919e-16,1.3321307
1690,1.0,1.5624017e-15,-1.0424384
1691,1.0,2.2841892e-16,0.8084077
1692,1.0,1.2601025e-16,-0.15584707
1693,1.0,1.4855907e-16,-1.6597338
1694,1.0,5.242862e-16,-1.0389878
1695,1.0,7.368585e-17,-0.26151675
1696,1.0,1.248828e-16,-1.3387768
1697,1.0,1.5562563e-16,-1.7249914
1698,1.0,1.6810589e-16,1.7998959
1699,1.0,9.254982e-16,0.97734195
1700,1.0,8.021073e-17,0.32822907
1701,1.0,1.3273083e-16,-0.87279636
1702,1.0,5.071679e-16,-0.14894514
1703,1.0,2.4849452e-17,-0.28390646
1704,1.0,1.2224332e-16,1.5648255
1705,1.0,4.8276454e-17,0.6260727
1706,1.0,3.9886937e-17,1.5213205
1707,1.0,1.7307203e-16,0.544765
1708,1.0,7.7396696e-17,1.5446169
1709,1.0,3.4715897e-17,-0.5156667
1710,1.0,3.5562622e-17,-0.8401797
1711,1.0,1.0936231e-16,-0.056228314
1712,1.0,5.1975163e-17,-0.37537614
1713,1.0,1.0578712e-16,-0.39216474
1714,1.0,6.406726e-17,2.1453705
1715,1.0,1.1983412e-16,-0.49518597
1716,1.0,6.658841e-17,1.3975278
1717,1.0,2.3214867e-17,0.79803085
1718,1.0,1.128205e-16,0.027228516
1719,1.0,2.7648906e-17,0.5417121
1720,1.0,9.065243e-17,0.3126805
1721,1.0,1.4837897e-16,0.29217553
1722,1.0,4.713709e-17,0.76110905
1723,1.0,2.656274e-16,0.08298203
1724,1.0,2.4311172e-16,-1.3449874
1725,1.0,3.191964e-16,0.09614211
1726,1.0,1.5918011e-16,-0.46627685
1727,1.0,1.4071247e-16,0.8699451
1728,1.0,5.732752e-17,-0.538875
1729,1.0,1.6806678e-16,-0.4901211
1730,1.0,1.4851828e-16,0.10783722
1731,1.0,2.4689872e-16,-0.36675665
1732,1.0,2.3154826e-16,1.2838792
1733,1.0,1.4003615e-16,0.99052405
1734,1.0,1.1949085e-16,0.5996897
1735,1.0,1.366045e-16,0.9155982
1736,1.0,1.3653364e-16,1.0823053
1737,1.0,1.568546e-16,-1.51094
1738,1.0,1.1592279e-16,-0.035445772
1739,1.0,6.9065865e-16,0.19920772
1740,1.0,2.667605e-17,0.2643801
1741,1.0,8.820926e-17,0.0037839375
1742,1.0,8.944945e-17,0.17022304
1743,1.0,2.3366095e-16,1.2049516
1744,1.0,1.0153288e-16,-1.1373613
1745,1.0,7.81449e-17,0.7975658
1746,1.0,5.720301e-17,-1.1883904
1747,1.0,3.555611e-17,-0.9987485
1748,1.0,3.860286e-17,0.6211094
1749,1.0,7.524588e-17,0.6349121
1750,1.0,2.7134616e-17,0.6148925
1751,1.0,2.0156746e-16,0.14617561
1752,1.0,4.763875e-16,0.49817914
1753,1.0,8.789754e-17,0.41356677
1754,1.0,2.43535e-16,-0.68358326
1755,1.0,1.5708984e-17,-0.14132273
1756,1.0,6.942825e-17,-0.7616331
1757,1.0,4.2766326e-17,0.27835247
1758,1.0,1.4916555e-16,0.84206253
1759,1.0,5.6726465e-17,-0.5048365
1760,1.0,1.1794476e-16,0.9841827
1761,1.0,4.557232e-16,-0.77984005
1762,1.0,9.211834e-16,-0.8007805
1763,1.0,8.186704e-17,0.22523986
1764,1.0,8.992741e-17,0.9297683
1765,1.0,4.886437e-16,-0.36707512
1766,1.0,4.2251017e-16,-1.1540127
1767,1.0,1.9264835e-16,-1.7109637
1768,1.0,9.6114e-17,-0.8001856
1769,1.0,8.121383e-17,0.23484223
1770,1.0,7.7427996e-17,-0.41775706
1771,1.0,1.063029e-16,-1.107347
1772,1.0,6.1809953e-16,0.11308861
1773,1.0,1.2638044e-16,-1.5079356
1774,1.0,1.7506273e-16,-0.97633636
1775,1.0,3.0153757e-17,-0.2862197
1776,1.0,1.776006e-16,-0.49466872
1777,1.0,1.5099355e-16,-1.2328826
1778,1.0,1.2981102e-16,-0.2756139
1779,1.0,1.6637763e-16,-1.7563237
1780,1.0,2.2507084e-15,-1.3557657
1781,1.0,3.5131835e-16,0.95620126
1782,1.0,3.000253e-17,0.31860098
1783,1.0,1.986424e-16,0.44896778
1784,1.0,2.033042e-16,0.9108224
1785,1.0,1.076224e-17,-0.09098694
1786,1.0,7.342658e-17,-0.20552734
1787,1.0,5.395416e-17,1.6318707
1788,1.0,7.8938606e-16,0.5040252
1789,1.0,9.6993544e-17,-1.0541921
1790,1.0,3.5695818e-17,-0.08457072
1791,1.0,4.2212191e-16,-0.74056494
1792,1.0,7.6418e-17,0.07843992
1793,1.0,3.394626e-17,1.3120337
1794,1.0,2.1937763e-17,0.25671208
1795,1.0,5.0422416e-16,0.5100151
1796,1.0,1.6024142e-16,-0.82708484
1797,1.0,1.1893694e-16,-0.46537265
1798,1.0,2.0016601e-16,0.6974899
1799,1.0,2.9843655e-16,-1.5435747
1800,1.0,3.4322966e-17,0.14510138
1801,1.0,3.5419133e-16,-1.1908661
1802,1.0,7.379218e-17,1.011815
1803,1.0,2.1502384e-16,-1.8160521
1804,1.0,1.746012e-16,-0.08872418
1805,1.0,1.02577e-16,1.0878872
1806,1.0,1.4804426e-16,-0.9419896
1807,1.0,1.8853558e-16,-0.50994056
1808,1.0,6.289379e-17,2.3527484
1809,1.0,1.0879599e-16,-0.004115558
1810,1.0,7.586497e-17,-1.0195491
1811,1.0,1.6728516e-16,-1.732283
1812,1.0,2.313205e-16,-0.3813781
1813,1.0,3.195032e-17,1.141736
1814,1.0,2.2801399e-17,-2.322039
1815,1.0,2.5511735e-16,-0.48205143
1816,1.0,8.64725e-16,0.65812993
1817,1.0,6.7668774e-17,0.10596415
1818,1.0,2.507811e-16,-0.4498875
1819,1.0,6.36388e-17,1.9108057
1820,1.0,1.4400322e-16,-1.1292534
1821,1.0,8.837429e-17,2.1155849
1822,1.0,1.7146596e-16,-0.8827165
1823,1.0,2.4446017e-16,0.54794943
1824,1.0,7.3314626e-17,-0.19966999
1825,1.0,2.112836e-16,0.25696346
1826,1.0,1.5112904e-15,0.49323788
1827,1.0,4.0963724e-17,1.3063151
1828,1.0,5.848274e-17,-0.23541574
1829,1.0,4.6642518e-17,1.6011765
1830,1.0,8.375732e-17,0.4082724
1831,1.0,6.799688e-17,-3.507475
1832,1.0,4.930624e-17,2.1997817
1833,1.0,7.644453e-17,0.42203903
1834,1.0,2.1164176e-16,-0.99085224
1835,1.0,6.3969576e-17,-2.377201
1836,1.0,5.840337e-17,1.7257918
1837,1.0,4.1523186e-17,-1.2136055
1838,1.0,1.3930303e-16,0.86330754
1839,1.0,3.027179e-16,-0.56772435
1840,1.0,3.8714643e-17,-0.17686698
1841,1.0,2.3691543e-16,0.7983119
1842,1.0,1.5208089e-16,-0.2449887
1843,1.0,2.6481181e-17,1.2567937
1844,1.0,6.617717e-17,0.18647492
1845,1.0,4.6078017e-17,-0.0257686
1846,1.0,1.7078892e-17,-0.31281397
1847,1.0,7.3202844e-17,2.4251835
1848,1.0,1.5097685e-16,-0.7287308
1849,1.0,8.028358e-17,0.12364144
1850,1.0,2.7038109e-17,0.53901196
1851,1.0,1.29427255e-17,1.1097178
1852,1.0,1.9282481e-16,1.6404158
1853,1.0,1.9887971e-16,-0.63218814
1854,1.0,1.2212586e-16,-0.22067302
1855,1.0,7.7493006e-17,-0.07270602
1856,1.0,6.544162e-17,0.014218719
1857,1.0,2.9827378e-16,-0.7138872
1858,1.0,8.1261555e-17,-0.46575114
1859,1.0,1.4682158e-16,0.95680827
1860,1.0,4.1023325e-16,0.13720925
1861,1.0,4.15441e-17,0.1643768
1862,1.0,6.621858e-17,-0.73321474
1863,1.0,1.1395547e-16,-0.045479853
1864,1.0,1.793209e-16,0.2547652
1865,1.0,7.751015e-17,-0.66386884
1866,1.0,6.428122e-17,-0.3286791
1867,1.0,2.8819052e-17,-0.28931352
1868,1.0,2.1978904e-16,-1.0913165
1869,1.0,1.0438609e-16,-0.124203384
1870,1.0,4.3654258e-17,-0.518736
1871,1.0,2.0754032e-16,1.0061617
1872,1.0,3.2422194e-15,1.3827302
1873,1.0,1.3596192e-16,1.5019122
1874,1.0,1.7021405e-16,1.2128539
1875,1.0,2.100284e-16,-1.340913
1876,1.0,1.331553e-16,-0.22177614
1877,1.0,1.0633129e-16,-0.14887168
1878,1.0,4.0592416e-17,2.2357912
1879,1.0,6.5700256e-17,-1.4912224
1880,1.0,7.187356e-17,-0.34725085
1881,1.0,7.436782e-17,1.1477176
1882,1.0,1.4128638e-16,-0.41288835
1883,1.0,3.532104e-16,0.27352816
1884,1.0,2.3753338e-17,0.7404768
1885,1.0,2.1102825e-16,-1.4438564
1886,1.0,4.702576e-16,1.2552772
1887,1.0,4.959013e-17,0.72323567
1888,1.0,8.419748e-17,2.4125028
1889,1.0,8.304847e-17,0.091444716
1890,1.0,7.4514627e-17,1.1816016
1891,1.0,1.6955747e-17,-0.25572634
1892,1.0,3.7091046e-16,0.4574617
1893,1.0,2.1739255e-16,-0.0023822072
1894,1.0,4.419193e-17,0.6613779
1895,1.0,4.1644223e-17,-0.8487857
1896,1.0,9.405672e-17,-0.72093713
1897,1.0,3.356998e-17,0.058016367
1898,1.0,7.749951e-17,-0.061725385
1899,1.0,7.8267214e-17,-0.34056628
1900,1.0,2.5168854e-17,-0.97273076
1901,1.0,4.7197007e-17,-1.4108388
1902,1.0,1.1926588e-16,0.65568554
1903,1.0,3.1223054e-17,-0.9048342
1904,1.0,7.9123975e-17,0.8471155
1905,1.0,7.002726e-17,0.9032926
1906,1.0,1.2463296e-16,0.52891934
1907,1.0,2.4838364e-17,-0.9988193
1908,1.0,3.6534813e-16,-0.23051707
1909,1.0,5.741068e-17,-0.2637249
1910,1.0,2.3086825e-16,-1.1825233
1911,1.0,1.1430072e-16,0.54550403
1912,1.0,1.528527e-16,0.9123892
1913,1.0,4.167696e-17,1.3495915
1914,1.0,2.5433223e-16,-2.95764
1915,1.0,1.4337725e-16,0.3417007
1916,1.0,7.4738104e-17,-0.28627026
1917,1.0,8.076893e-17,1.0845634
1918,1.0,1.414352e-16,0.23818725
1919,1.0,3.2097526e-17,1.7777236
1920,1.0,8.8159805e-17,-1.9418663
1921,1.0,9.0244604e-17,-0.44086838
1922,1.0,7.3185255e-17,-0.17607236
1923,1.0,1.7846582e-16,0.15347514
1924,1.0,6.2130714e-17,0.96026546
1925,1.0,2.5203743e-16,0.5036458
1926,1.0,1.3765279e-16,-1.7697662
1927,1.0,2.7263792e-17,-1.2816693
1928,1.0,9.166925e-17,1.041799
1929,1.0,1.2479424e-16,0.94778585
1930,1.0,1.0441517e-16,0.18988794
1931,1.0,7.33384e-17,0.33952013
1932,1.0,1.1883037e-16,-1.697644
1933,1.0,6.7496555e-17,2.2945685
1934,1.0,5.390276e-16,-0.6424199
1935,1.0,1.3557711e-16,-0.002788753
1936,1.0,1.0017099e-16,1.2216865
1937,1.0,1.1724406e-16,-0.20975614
1938,1.0,1.293449e-16,0.48610017
1939,1.0,1.2663815e-16,-1.1370776
1940,1.0,1.370722e-16,-0.39822748
1941,1.0,7.797873e-17,1.626996
1942,1.0,1.0558474e-16,0.69332814
1943,1.0,8.349987e-17,0.8758274
1944,1.0,4.277742e-17,-1.5087951
1945,1.0,1.105506e-16,-0.7483013
1946,1.0,6.319658e-17,-1.382301
1947,1.0,7.7792154e-17,-0.46760634
1948,1.0,3.3945115e-16,1.6041325
1949,1.0,5.636387e-17,0.04182404
1950,1.0,2.1509838e-17,0.32363808
1951,1.0,6.142046e-17,-0.21672264
1952,1.0,2.4576923e-16,0.58197194
1953,1.0,5.247261e-17,-0.74938387
1954,1.0,4.5838734e-16,-0.5292673
1955,1.0,7.003741e-17,-1.4361057
1956,1.0,6.646939e-17,1.159543
1957,1.0,6.483508e-17,0.51804525
1958,1.0,2.4015017e-16,1.1746567
1959,1.0,2.0319952e-16,-0.70703715
1960,1.0,1.1100312e-17,1.6925792
1961,1.0,1.2452087e-15,-0.97987723
1962,1.0,1.0360418e-16,-0.5973342
1963,1.0,3.529262e-16,-1.5133793
1964,1.0,4.6767945e-17,1.4200013
1965,1.0,8.107887e-17,-1.2110862
1966,1.0,1.4565346e-16,-0.010679158
1967,1.0,8.009397e-16,-1.5557193
1968,1.0,1.155409e-16,0.11957118
1969,1.0,1.6316769e-16,0.05624971
1970,1.0,2.2004647e-17,-0.039385132
1971,1.0,6.0606776e-17,-0.001833817
1972,1.0,3.234347e-17,-0.26454967
1973,1.0,3.5059925e-17,0.86116254
1974,1.0,9.535548e-17,0.39949408
1975,1.0,1.6718755e-16,-1.0089391
1976,1.0,2.0038669e-17,0.859112
1977,1.0,2.5713395e-16,-0.72192883
1978,1.0,2.9457958e-16,0.9496506
1979,1.0,5.5705506e-17,1.9949774
1980,1.0,1.1514842e-16,-0.36236817
1981,1.0,1.603319e-16,-1.6259353
1982,1.0,1.7138094e-16,1.7963673
1983,1.0,3.3257333e-16,0.51930195
1984,1.0,3.138931e-16,1.6532497
1985,1.0,1.131895e-16,-0.66290116
1986,1.0,1.9286002e-17,-1.177927
1987,1.0,8.004567e-17,1.695941
1988,1.0,3.8302618e-16,1.4565815
1989,1.0,2.5888093e-16,0.9675772
1990,1.0,2.9333806e-17,0.3389136
1991,1.0,1.0575364e-16,-0.7151771
1992,1.0,8.820791e-17,-0.45205006
1993,1.0,4.8221238e-17,-1.3528997
1994,1.0,1.8504977e-17,0.76208884
1995,1.0,1.3570647e-16,-0.97557425
1996,1.0,8.602795e-17,1.8401262
1997,1.0,3.6779105e-16,-0.44917294
1998,1.0,2.2975073e-16,0.25903296
1999,1.0,8.2617476e-17,1.0056279
2000,1.0,1.9134248e-16,2.026876
2001,1.0,3.747819e-16,-0.09235732
2002,1.0,2.9791998e-17,-1.1392586
2003,1.0,2.9823964e-16,-1.1034995
2004,1.0,1.6752591e-16,1.3207698
2005,1.0,1.8726403e-16,-1.671574
2006,1.0,1.4165551e-16,-2.0532463
2007,1.0,5.0597728e-17,-1.1500268
2008,1.0,4.1722953e-16,-0.41936067
2009,1.0,1.1409548e-17,0.16420218
2010,1.0,5.9868474e-17,-2.1954157
2011,1.0,5.5857895e-16,-0.4578557
2012,1.0,8.266728e-17,0.37022197
2013,1.0,3.815882e-16,-0.5756222
2014,1.0,4.877219e-16,-0.88050145
2015,1.0,6.158468e-17,-0.31488484
2016,1.0,1.2243373e-16,0.73824495
2017,1.0,8.7166294e-17,0.09783683
2018,1.0,9.5821496e-17,0.15429159
2019,1.0,2.5041783e-16,-1.8419284
2020,1.0,8.442229e-17,-1.406064
2021,1.0,6.2041656e-17,-1.734307
2022,1.0,8.690002e-17,1.2541023
2023,1.0,4.2310672e-17,-0.58993316
2024,1.0,3.1259404e-17,1.6124572
2025,1.0,5.821964e-17,-0.9595584
2026,1.0,3.2774966e-16,-0.47327211
2027,1.0,1.4037952e-16,0.20111798
2028,1.0,5.7917274e-17,0.042029288
2029,1.0,1.4767024e-17,0.9322034
2030,1.0,3.4718165e-16,-1.6741334
2031,1.0,2.5386694e-16,0.09186088
2032,1.0,1.379156e-16,0.98263043
2033,1.0,2.6396374e-16,-0.6649596
2034,1.0,6.3417304e-17,-0.33774605
2035,1.0,2.2084462e-16,-0.34912255
2036,1.0,1.5155503e-16,0.8822407
2037,1.0,5.628265e-17,0.23392668
2038,1.0,3.3263785e-17,1.9024409
2039,1.0,4.19907e-17,0.23565213
2040,1.0,1.7188247e-16,0.8117964
2041,1.0,2.3737668e-17,1.1771635
2042,1.0,7.7687466e-17,0.9631257
2043,1.0,4.6370726e-17,0.67075837
2044,1.0,1.6172878e-16,-0.09118522
2045,1.0,1.6797129e-16,0.26129118
2046,1.0,4.2546005e-17,0.26421544
2047,1.0,2.4172726e-17,1.1100051
2048,1.0,4.8230255e-17,-0.34937808
2049,1.0,9.719652e-17,-1.8733454
2050,1.0,2.5968394e-17,0.92671007
2051,1.0,8.933147e-17,0.18253246
2052,1.0,2.3694332e-17,1.6562655
2053,1.0,8.075415e-17,0.30452916
2054,1.0,3.2950974e-16,0.07153414
2055,1.0,1.5098317e-16,-2.0831563
2056,1.0,1.4903978e-17,-1.1093427
2057,1.0,3.1852724e-17,1.4214581
2058,1.0,8.374901e-17,-0.27615854
2059,1.0,6.093341e-17,0.76237744
2060,1.0,4.0318643e-17,-1.502316
2061,1.0,5.013453e-16,-0.080251865
2062,1.0,4.4012107e-16,-0.9283802
2063,1.0,4.7140864e-17,1.3057804
2064,1.0,2.7806416e-16,0.38212782
2065,1.0,1.1574206e-16,-1.3602456
2066,1.0,3.7232928e-17,-0.14265072
2067,1.0,4.218207e-17,0.4744515
2068,1.0,8.0617486e-17,0.20575403
2069,1.0,1.443822e-16,-0.67766774
2070,1.0,2.955711e-17,-0.17224951
2071,1.0,1.4972538e-16,0.34272477
2072,1.0,8.592923e-17,-0.17189313
2073,1.0,2.3345604e-16,0.5494344
2074,1.0,7.473439e-17,0.5839894
2075,1.0,2.326142e-16,2.3130555
2076,1.0,2.1854665e-16,2.603768
2077,1.0,2.853376e-17,-1.1878374
2078,1.0,1.4521842e-17,-0.6283934
2079,1.0,3.464274e-17,0.68956286
2080,1.0,5.5122744e-16,-0.34013233
2081,1.0,7.4584586e-17,0.9883306
2082,1.0,7.712967e-17,0.17177822
2083,1.0,7.715737e-16,0.066144496
2084,1.0,3.8330663e-17,0.57443315
2085,1.0,7.671007e-17,-0.94262725
2086,1.0,1.23007605e-17,-0.4202017
2087,1.0,1.5754542e-16,1.076004
2088,1.0,1.550958e-16,1.7017877
2089,1.0,8.7320044e-17,-0.966506
2090,1.0,1.2694431e-16,-0.96945035
2091,1.0,6.032974e-17,-0.4477261
2092,1.0,8.4418745e-17,1.1750185
2093,1.0,1.5876894e-16,0.35706195
2094,1.0,1.4355128e-16,-1.020054
2095,1.0,2.8710653e-16,2.0547328
2096,1.0,7.111158e-17,0.077975444
2097,1.0,1.4242927e-16,-0.34637696
2098,1.0,6.7553514e-16,-0.60134184
2099,1.0,1.281099e-16,0.044926777
2100,1.0,3.3366216e-17,1.0174857
2101,1.0,5.1185984e-16,0.017295463
2102,1.0,9.0605414e-17,0.5777439
2103,1.0,3.1902093e-17,1.6004516
2104,1.0,1.0627654e-16,0.24848181
2105,1.0,1.3556315e-16,1.0503806
2106,1.0,6.311611e-17,0.95569694
2107,1.0,1.7845561e-16,-1.588755
2108,1.0,5.3537756e-17,1.1872193
2109,1.0,1.6035453e-16,-0.8770144
2110,1.0,6.54439e-16,0.602635
2111,1.0,4.1504343e-17,-0.39513275
2112,1.0,2.2646667e-17,1.5075154
2113,1.0,9.7378e-17,0.39921224
2114,1.0,1.6827014e-16,-0.6711194
2115,1.0,2.4873932e-16,-0.71906686
2116,1.0,3.7197174e-16,-1.0949876
2117,1.0,8.0595344e-17,-1.9037831
2118,1.0,6.4558906e-17,1.1238226
2119,1.0,6.763187e-17,-0.6409804
2120,1.0,3.5168575e-16,0.051466167
2121,1.0,8.872898e-17,-0.82024103
2122,1.0,5.94622e-17,0.6227477
2123,1.0,5.1489115e-17,-0.37325886
2124,1.0,2.9054072e-16,-0.3561179
2125,1.0,4.1318429e-16,1.222004
2126,1.0,5.496251e-17,-0.9964495
2127,1.0,1.577246e-16,-1.8084363
2128,1.0,8.399473e-17,0.0055115097
2129,1.0,4.0625566e-17,0.2023488
2130,1.0,1.0074966e-16,-0.9540736
2131,1.0,1.1095619e-16,0.22568536
2132,1.0,1.06494475e-16,0.5851668
2133,1.0,1.0525418e-16,0.17479849
2134,1.0,2.0533221e-16,1.9422688
2135,1.0,1.7690212e-16,-1.7975875
2136,1.0,3.396362e-17,1.7139177
2137,1.0,4.887087e-17,-0.6395717
2138,1.0,1.6754764e-16,0.36438388
2139,1.0,1.1823622e-16,-1.1522661
2140,1.0,1.6296482e-17,-1.107815
2141,1.0,2.6587374e-16,1.1818153
2142,1.0,1.6712815e-17,0.4957576
2143,1.0,5.0807e-17,-1.0200868
2144,1.0,2.0658298e-16,-0.31555954
2145,1.0,4.2573927e-17,0.8015342
2146,1.0,3.7414177e-17,-1.0075678
2147,1.0,7.52189e-17,1.1528991
2148,1.0,1.2094087e-16,0.5292508
2149,1.0,6.4951175e-17,-1.6699749
2150,1.0,1.6417539e-16,-0.7292231
2151,1.0,2.970983e-17,0.68939453
2152,1.0,1.1927224e-16,-0.28167784
2153,1.0,1.4941614e-16,1.7333001
2154,1.0,2.384259e-16,-1.2069678
2155,1.0,1.5666675e-17,-0.06742326
2156,1.0,2.373297e-16,-1.9746476
2157,1.0,2.0594554e-17,1.1102703
2158,1.0,1.2336198e-16,-0.012270115
2159,1.0,6.211768e-17,1.6826494
2160,1.0,5.095782e-17,0.24679722
2161,1.0,1.4625253e-16,-0.33280697
2162,1.0,1.8019716e-17,-1.9072059
2163,1.0,5.754619e-17,-1.362711
2164,1.0,6.4215043e-17,1.1643349
2165,1.0,7.0173265e-17,-1.60349
2166,1.0,1.9193023e-16,-0.62502265
2167,1.0,8.142322e-17,-0.7838496
2168,1.0,5.785743e-17,-1.047566
2169,1.0,1.9145347e-16,1.6974396
2170,1.0,1.9920925e-16,2.2589092
2171,1.0,1.1730223e-16,1.2083358
2172,1.0,8.145708e-17,-2.893619
2173,1.0,1.4502536e-15,0.4372006
2174,1.0,1.5403919e-16,-0.8654205
2175,1.0,4.716985e-16,1.3761157
2176,1.0,7.422752e-17,0.014832205
2177,1.0,2.373107e-16,-0.30441427
2178,1.0,6.6231213e-17,0.9550373
2179,1.0,5.0792857e-17,1.2917918
2180,1.0,1.0799711e-16,-0.16852327
2181,1.0,9.072923e-17,-0.45612475
2182,1.0,7.629217e-17,-0.418204
2183,1.0,2.3507713e-16,-0.79745615
2184,1.0,2.8178427e-17,1.3556392
2185,1.0,2.6431237e-16,-0.35075983
2186,1.0,6.376809e-17,0.5065112
2187,1.0,1.0615742e-16,0.3121267
2188,1.0,2.8193063e-16,-0.6967828
2189,1.0,2.3096064e-17,2.970796
2190,1.0,1.6589787e-16,1.2525551
2191,1.0,2.8672457e-16,0.21580178
2192,1.0,6.6519866e-17,0.9420421
2193,1.0,1.1039251e-17,-0.37665793
2194,1.0,1.2549599e-16,-0.23884417
2195,1.0,5.487452e-17,-0.28830963
2196,1.0,2.279628e-16,1.2850772
2197,1.0,1.7095514e-17,-0.0737617
2198,1.0,2.0136752e-17,-0.25078073
2199,1.0,5.818345e-17,-2.9421437
2200,1.0,4.336945e-16,-2.085287
2201,1.0,9.2569544e-17,0.8550481
2202,1.0,5.0876435e-17,1.9227756
2203,1.0,2.7660933e-17,-0.25572523
2204,1.0,6.603724e-16,-0.6477733
2205,1.0,2.9041996e-16,-0.26358062
2206,1.0,6.36796e-17,0.29941732
2207,1.0,8.3050376e-17,-0.1410029
2208,1.0,9.1091286e-17,-0.24761052
2209,1.0,4.779198e-17,-0.74697286
2210,1.0,9.8672926e-17,1.2589009
2211,1.0,1.3255677e-16,1.93852
2212,1.0,3.371397e-17,0.5475043
2213,1.0,6.5231797e-16,-1.5113796
2214,1.0,9.296842e-16,-0.93693084
2215,1.0,1.1624516e-16,1.2231591
2216,1.0,8.2978484e-17,-0.9635302
2217,1.0,2.7705405e-16,-1.7530979
2218,1.0,1.0660137e-16,-0.5551681
2219,1.0,4.5960226e-17,-1.1114026
2220,1.0,4.3200182e-17,-1.9905863
2221,1.0,8.417564e-17,-1.4894993
2222,1.0,3.5501222e-17,-0.6323643
2223,1.0,3.354361e-17,-0.5155159
2224,1.0,3.344663e-17,-0.037386727
2225,1.0,6.666288e-17,-1.0389115
2226,1.0,7.58696e-17,0.77713805
2227,1.0,8.69113e-17,-1.3644947
2228,1.0,4.5618045e-17,0.107059136
2229,1.0,8.0930544e-17,0.1248853
2230,1.0,3.161907e-17,0.877726
2231,1.0,4.965828e-17,-0.66296196
2232,1.0,1.9780684e-16,-0.018379455
2233,1.0,2.8431303e-17,1.0683225
2234,1.0,7.05668e-17,0.2594303
2235,1.0,1.53836e-16,0.14880669
2236,1.0,4.0008238e-17,-1.0701808
2237,1.0,4.3606013e-16,0.18723354
2238,1.0,5.36502e-17,-1.2209997
2239,1.0,1.5607806e-16,1.1726406
2240,1.0,1.6362146e-16,-1.7322277
2241,1.0,1.1854648e-16,1.3487811
2242,1.0,5.0865182e-17,-0.40783182
2243,1.0,8.770061e-17,-0.7457048
2244,1.0,9.4667215e-17,0.34579548
2245,1.0,5.613577e-17,0.4544632
2246,1.0,6.250155e-17,-0.035225846
2247,1.0,3.4665496e-16,0.19928324
2248,1.0,1.0752889e-16,0.4558433
2249,1.0,4.228792e-17,-0.7762574
2250,1.0,3.506382e-16,-0.75542223
2251,1.0,4.0616908e-16,0.21869399
2252,1.0,2.9172016e-16,1.8193994
2253,1.0,4.6395677e-17,-1.086755
2254,1.0,4.3764803e-17,1.2278885
2255,1.0,1.714568e-16,-0.73179007
2256,1.0,2.6279525e-16,-0.74737686
2257,1.0,2.148451e-16,-1.6791688
2258,1.0,5.364672e-17,0.29921642
2259,1.0,1.4847126e-16,-0.16379766
2260,1.0,6.389665e-17,-0.60003483
2261,1.0,5.199678e-17,1.1250783
2262,1.0,4.9969918e-17,-0.16649607
2263,1.0,5.241462e-16,-0.094642304
2264,1.0,9.3962046e-17,-2.2367663
2265,1.0,8.7396357e-17,0.91157305
2266,1.0,1.7337393e-17,0.23887202
2267,1.0,7.7504573e-16,-1.6392027
2268,1.0,7.5373717e-17,0.3188537
2269,1.0,1.04738694e-16,-0.56908804
2270,1.0,1.8509928e-16,0.66603285
2271,1.0,5.666634e-17,0.7771265
2272,1.0,8.900153e-17,-1.7429212
2273,1.0,2.69653e-16,-0.75441015
2274,1.0,1.498813e-17,1.094848
2275,1.0,2.4494266e-17,1.0716288
2276,1.0,4.8412766e-16,1.3414344
2277,1.0,7.306056e-17,2.2859674
2278,1.0,1.5695395e-16,0.90653384
2279,1.0,6.417733e-17,-1.7927368
2280,1.0,1.2418211e-16,0.4807351
2281,1.0,2.247524e-16,1.8147469
2282,1.0,6.871893e-17,-0.56934226
2283,1.0,4.926528e-16,0.647256
2284,1.0,7.2979824e-16,-2.788626
2285,1.0,7.1455874e-16,-0.38230357
2286,1.0,2.0936674e-17,1.3390242
2287,1.0,4.2591798e-17,-0.3489728
2288,1.0,4.6249037e-16,-0.4433369
2289,1.0,2.89998e-17,1.3151056
2290,1.0,1.8629786e-16,0.8971511
2291,1.0,2.5822702e-16,0.0560402
2292,1.0,8.2419787e-17,0.46556452
2293,1.0,1.3299336e-16,0.2628061
2294,1.0,2.120442e-16,-0.89154166
2295,1.0,1.2769713e-16,-0.8697446
2296,1.0,3.0008726e-16,-1.462134
2297,1.0,4.1489778e-17,1.6814096
2298,1.0,2.7978359e-16,0.7091723
2299,1.0,1.8776474e-16,1.9279782
2300,1.0,8.6823815e-17,-0.7584061
2301,1.0,7.437945e-17,-1.2674519
2302,1.0,7.381189e-17,0.9814231
2303,1.0,1.08607736e-16,-1.5747615
2304,1.0,8.0526813e-17,-1.1340837
2305,1.0,1.6862228e-16,-0.7282198
2306,1.0,6.822504e-16,0.61686
2307,1.0,4.06614e-16,0.48395702
2308,1.0,3.5062062e-17,0.24304481
2309,1.0,2.9707338e-17,-0.90176415
2310,1.0,6.994583e-17,-0.116860025
2311,1.0,1.213207e-16,-0.33816203
2312,1.0,1.7086916e-16,0.13439761
2313,1.0,1.1874653e-16,2.0938802
2314,1.0,1.2195686e-16,-1.2933447
2315,1.0,2.0977525e-17,-0.17938338
2316,1.0,5.70509e-17,-0.29337487
2317,1.0,1.61574e-16,0.84498245
2318,1.0,1.2730704e-16,0.68484795
2319,1.0,4.2156813e-17,0.36396277
2320,1.0,5.593103e-16,0.38185552
2321,1.0,1.0631628e-16,0.13253516
2322,1.0,2.6557863e-17,1.9317898
2323,1.0,5.872533e-16,-1.3702762
2324,1.0,6.115393e-17,0.10068763
2325,1.0,2.1107806e-17,0.34223515
2326,1.0,4.8313667e-17,-1.9003863
2327,1.0,7.099259e-17,0.46952152
2328,1.0,5.7026526e-17,-0.34851888
2329,1.0,8.264742e-17,0.575922
2330,1.0,2.4034356e-16,-0.25354725
2331,1.0,6.739673e-17,-1.0098641
2332,1.0,4.986084e-16,0.03660417
2333,1.0,2.1228538e-16,0.6405188
2334,1.0,7.1784785e-17,1.6811163
2335,1.0,2.666903e-17,-1.5327146
2336,1.0,4.587352e-17,-0.7300173
2337,1.0,8.0799177e-16,0.6389868
2338,1.0,1.7613718e-16,-0.14127529
2339,1.0,1.1551667e-16,0.99322903
2340,1.0,1.8558996e-16,-0.6026749
2341,1.0,4.8040754e-17,-0.6056548
2342,1.0,2.6894826e-16,0.96724576
2343,1.0,9.15382e-17,-0.32840443
2344,1.0,6.668755e-17,-0.701086
2345,1.0,5.7255616e-17,-0.763986
2346,1.0,8.706593e-17,-0.11070059
2347,1.0,8.27711e-17,0.12385887
2348,1.0,1.0157162e-16,0.6324072
2349,1.0,8.2871566e-17,0.62012583
2350,1.0,5.919966e-17,0.4310746
2351,1.0,1.1189812e-16,-1.139247
2352,1.0,1.0946248e-16,1.3672957
2353,1.0,3.932208e-16,1.9955436
2354,1.0,2.638671e-16,0.324407
2355,1.0,5.730522e-17,1.612879
2356,1.0,7.924299e-17,-0.26969853
2357,1.0,6.204592e-17,-0.48654303
2358,1.0,3.146242e-17,-0.44576308
2359,1.0,1.776399e-16,-1.3320023
2360,1.0,5.0707674e-17,0.4066515
2361,1.0,5.731899e-17,0.5763747
2362,1.0,1.7567485e-16,-0.8714405
2363,1.0,1.7278895e-17,0.20221944
2364,1.0,2.7352234e-17,1.1483078
2365,1.0,4.3555805e-16,0.32216674
2366,1.0,2.6692962e-16,2.3856785
2367,1.0,6.475379e-16,-0.98359466
2368,1.0,4.3542848e-16,-0.9496689
2369,1.0,4.3764326e-16,0.3896996
2370,1.0,1.3584683e-16,-0.7050905
2371,1.0,1.299676e-16,-1.4634752
2372,1.0,1.1196686e-16,0.43894646
2373,1.0,3.939999e-17,-0.43124142
2374,1.0,1.01719737e-16,1.1132563
2375,1.0,2.3748627e-17,-1.6501147
2376,1.0,3.808478e-17,-0.14260375
2377,1.0,3.87572e-17,0.89998233
2378,1.0,3.4514e-17,-0.21072719
2379,1.0,3.3335048e-17,0.730408
2380,1.0,1.418913e-16,-0.9274898
2381,1.0,6.1515185e-17,-0.81033546
2382,1.0,1.0183971e-16,1.362132
2383,1.0,2.8108336e-16,-0.92206836
2384,1.0,8.5795634e-16,0.022119746
2385,1.0,2.2405731e-16,-0.42843485
2386,1.0,1.891941e-16,0.19849126
2387,1.0,5.4319095e-16,-0.3211896
2388,1.0,3.5063266e-17,1.1238749
2389,1.0,2.9159205e-17,-0.770055
2390,1.0,1.500181e-16,-0.7591246
2391,1.0,1.6459555e-16,0.0068945577
2392,1.0,2.9272886e-17,1.2050114
2393,1.0,5.645449e-16,0.97249806
2394,1.0,9.787069e-17,0.57822174
2395,1.0,1.3417713e-16,1.2508953
2396,1.0,2.8051763e-17,0.1481309
2397,1.0,1.8567777e-16,0.4911397
2398,1.0,5.792655e-17,2.2871933
2399,1.0,1.1769223e-15,-1.2286569
2400,1.0,3.210218e-17,1.1107272
2401,1.0,5.073244e-17,1.4798177
2402,1.0,5.0097224e-17,1.334929
2403,1.0,3.5025434e-17,1.3179768
2404,1.0,1.646194e-16,-0.16983336
2405,1.0,5.5430154e-17,1.0067532
2406,1.0,1.0174269e-15,-0.80151737
2407,1.0,4.98359e-17,0.7329793
2408,1.0,4.9457132e-17,-0.42701742
2409,1.0,4.6592192e-17,-0.5667272
2410,1.0,4.748559e-17,-0.19896145
2411,1.0,1.2565312e-16,-1.1926768
2412,1.0,1.1630948e-16,0.904927
2413,1.0,2.4654673e-16,-0.17273855
2414,1.0,3.157353e-16,0.37237397
2415,1.0,2.9649598e-17,-1.3423685
2416,1.0,7.887385e-17,0.31475684
2417,1.0,3.4847518e-17,-0.72516924
2418,1.0,3.32681e-17,-1.1707166
2419,1.0,1.4457841e-16,-0.52125543
2420,1.0,1.540192e-16,-1.5871888
2421,1.0,2.746945e-17,0.37871045
2422,1.0,1.00981296e-16,0.26367277
2423,1.0,5.1133265e-17,-0.072411366
2424,1.0,1.800777e-16,-2.1480055
2425,1.0,2.7863102e-17,1.1341407
2426,1.0,1.5698697e-15,-0.075451344
2427,1.0,7.123158e-17,0.41474444
2428,1.0,7.130281e-17,-0.8172874
2429,1.0,1.5790039e-16,0.68417615
2430,1.0,9.854879e-17,0.7969838
2431,1.0,3.441817e-16,-0.80934304
2432,1.0,5.3800016e-17,-0.07258982
2433,1.0,3.5016885e-17,-1.0256336
2434,1.0,1.1581272e-16,3.2134552
2435,1.0,9.813164e-17,1.1039629
2436,1.0,1.4687088e-16,-0.0029334582
2437,1.0,2.5268629e-16,-0.51113594
2438,1.0,4.6715703e-17,0.48308587
2439,1.0,1.0128762e-16,-0.16837531
2440,1.0,4.1295424e-16,-0.12060042
2441,1.0,1.6041021e-16,-1.1086837
2442,1.0,7.273521e-17,-0.47444114
2443,1.0,1.25599865e-17,-0.9751177
2444,1.0,1.9081392e-17,0.6048
2445,1.0,8.1638134e-17,3.3289323
2446,1.0,1.3572045e-16,-0.37874946
2447,1.0,2.9816668e-17,-1.5462528
2448,1.0,2.8119045e-17,-0.39446393
2449,1.0,5.9950524e-17,-0.5894779
2450,1.0,1.9415783e-16,1.6446228
2451,1.0,1.1058519e-16,-0.63948303
2452,1.0,3.0648243e-17,-1.6956006
2453,1.0,8.8979124e-17,0.33808547
2454,1.0,4.00061e-17,1.2495872
2455,1.0,1.8365243e-17,1.1301256
2456,1.0,7.405726e-17,-0.5572287
2457,1.0,1.9893131e-16,2.1337137
2458,1.0,4.9202926e-16,0.6929771
2459,1.0,1.1985422e-16,1.0363127
2460,1.0,5.7805366e-17,0.79473376
2461,1.0,2.184283e-16,-1.3097887
2462,1.0,2.7103696e-16,1.2311232
2463,1.0,2.0271951e-16,-0.7031616
2464,1.0,7.8147286e-17,-0.18359241
2465,1.0,4.429727e-16,1.0718498
2466,1.0,3.8788135e-16,0.33069828
2467,1.0,8.915172e-17,-0.689763
2468,1.0,4.5041046e-16,0.90848625
2469,1.0,3.340852e-16,1.6874205
2470,1.0,1.07590026e-16,0.6915729
2471,1.0,5.863311e-16,0.34853747
2472,1.0,2.4945486e-16,1.7800094
2473,1.0,9.593817e-17,-1.4856317
2474,1.0,1.5268368e-16,0.010991735
2475,1.0,8.18467e-18,-0.54956645
2476,1.0,4.0857624e-16,0.77098113
2477,1.0,4.701628e-15,-0.55236584
2478,1.0,2.5028972e-17,0.5131609
2479,1.0,3.1752516e-17,1.6587088
2480,1.0,1.5771618e-16,2.2206872
2481,1.0,3.8200037e-16,-1.3948976
2482,1.0,4.998765e-17,1.2975005
2483,1.0,5.980844e-17,0.6797998
2484,1.0,1.9078782e-16,1.2225776
2485,1.0,2.1469108e-16,-0.8568566
2486,1.0,1.5868781e-16,0.070826165
2487,1.0,2.3750983e-17,1.0665655
2488,1.0,9.833774e-17,0.58930254
2489,1.0,6.127045e-17,-0.99150115
2490,1.0,3.1110703e-17,-0.11491661
2491,1.0,4.904998e-17,-1.1362231
2492,1.0,1.6671444e-15,-0.93547505
2493,1.0,6.669722e-17,-0.60225
2494,1.0,1.6247949e-16,0.32650325
2495,1.0,4.2030764e-17,0.12588643
2496,1.0,3.13026e-17,-0.088910565
2497,1.0,1.2197083e-16,1.462578
2498,1.0,9.410194e-17,-0.6018368
2499,1.0,1.6689698e-16,0.15030967
2500,1.0,5.533276e-17,0.27546188
2501,1.0,1.4966941e-16,0.33519897
2502,1.0,4.7639813e-17,-1.2080656
2503,1.0,5.2679788e-17,0.83208483
2504,1.0,8.340596e-17,0.4132064
2505,1.0,1.1408161e-16,0.003276791
2506,1.0,3.1130544e-16,-0.28442565
2507,1.0,4.0602326e-17,-0.046054304
2508,1.0,5.142944e-17,-0.058270454
2509,1.0,1.5325964e-16,-0.83221716
2510,1.0,3.2715134e-16,0.8608722
2511,1.0,1.3514698e-16,0.5592747
2512,1.0,7.2753526e-17,-0.7273253
2513,1.0,1.06027104e-16,-0.08091923
2514,1.0,5.5339938e-17,0.49602994
2515,1.0,1.3697498e-16,-1.4955424
2516,1.0,2.8745503e-16,-0.92895865
2517,1.0,2.1227728e-16,-1.5643377
2518,1.0,1.03488844e-16,0.5527287
2519,1.0,8.101673e-17,0.5906371
2520,1.0,6.1275826e-17,-1.0064658
2521,1.0,2.0458387e-17,0.1440408
2522,1.0,4.411176e-17,0.2548519
2523,1.0,3.5218095e-17,-0.6692569
2524,1.0,7.073551e-17,0.6386582
2525,1.0,6.1391406e-17,0.5733196
2526,1.0,3.270114e-17,2.305336
2527,1.0,2.1615641e-15,-0.8270103
2528,1.0,1.3072038e-16,0.08365401
2529,1.0,1.09763956e-16,0.027087204
2530,1.0,7.4516334e-17,-1.2205213
2531,1.0,3.5896138e-17,-0.1980258
2532,1.0,2.453814e-16,-2.304194
2533,1.0,3.267396e-17,-1.4770381
2534,1.0,1.9812854e-16,-0.32129604
2535,1.0,1.7723504e-17,0.13012293
2536,1.0,8.781108e-17,0.79259294
2537,1.0,3.385175e-16,1.1460344
2538,1.0,1.5776793e-16,-2.113334
2539,1.0,2.931011e-16,-1.0600482
2540,1.0,2.2271773e-16,0.28935152
2541,1.0,2.403509e-16,-0.062100947
2542,1.0,6.008927e-17,-0.6711556
2543,1.0,9.228325e-17,0.24531719
2544,1.0,5.190406e-16,-0.97064495
2545,1.0,1.054757e-15,0.57284737
2546,1.0,2.8820714e-16,0.14889087
2547,1.0,1.047351e-16,0.3138528
2548,1.0,2.7121074e-16,0.23936325
2549,1.0,2.3999987e-17,-1.8046966
2550,1.0,3.9017097e-17,0.32436675
2551,1.0,5.032823e-17,0.3107809
2552,1.0,1.2752917e-16,-1.2399257
2553,1.0,4.5364335e-17,-0.9481347
2554,1.0,3.1739072e-17,0.97636354
2555,1.0,2.959097e-16,-0.60809505
2556,1.0,1.3480303e-16,-1.260712
2557,1.0,7.977281e-18,-0.2727365
2558,1.0,1.1203309e-16,0.10421468
2559,1.0,6.8488636e-17,-1.7796952
2560,1.0,1.206897e-16,0.29644203
2561,1.0,4.6178317e-17,0.5265172
2562,1.0,1.0477946e-16,1.01006
2563,1.0,9.6168276e-17,-1.2332073
2564,1.0,4.1865802e-16,1.1079468
2565,1.0,2.932385e-17,-0.4762631
2566,1.0,1.6181641e-16,1.3447009
2567,1.0,1.5224574e-16,-0.7992036
2568,1.0,1.0041777e-16,2.2508388
2569,1.0,3.0946547e-16,0.7401202
2570,1.0,1.163188e-16,0.9828679
2571,1.0,9.518213e-17,0.32968763
2572,1.0,4.491202e-16,-0.05550074
2573,1.0,3.1805856e-17,-1.8416111
2574,1.0,4.4135658e-17,-1.8433335
2575,1.0,1.5148104e-16,-0.4184512
2576,1.0,2.5646194e-16,0.86502206
2577,1.0,1.2870455e-16,-1.9258528
2578,1.0,1.07939036e-16,-0.65607905
2579,1.0,6.521932e-17,-0.31405425
2580,1.0,2.404692e-16,-0.7835925
2581,1.0,6.9599824e-17,-0.3639162
2582,1.0,2.8045144e-16,1.3994496
2583,1.0,3.0523534e-16,-1.2257394
2584,1.0,1.3148056e-16,-0.6401802
2585,1.0,2.9039558e-16,-0.4366809
2586,1.0,2.5321398e-17,0.31763908
2587,1.0,6.574564e-17,-1.2799082
2588,1.0,1.8789586e-16,-0.5372774
2589,1.0,7.488507e-17,1.907899
2590,1.0,5.2660902e-17,0.05194767
2591,1.0,2.1342296e-16,0.020966219
2592,1.0,7.198606e-17,-0.16170797
2593,1.0,6.747622e-17,-2.489846
2594,1.0,1.2877429e-16,0.80457336
2595,1.0,4.1979648e-17,-2.034227
2596,1.0,1.4725461e-16,-0.41282874
2597,1.0,1.5850078e-17,0.8135403
2598,1.0,3.720851e-17,0.28011706
2599,1.0,4.513407e-17,1.0880109
2600,1.0,1.00552313e-16,-0.9460867
2601,1.0,2.1860157e-17,0.54019666
2602,1.0,1.5135224e-16,-0.7832802
2603,1.0,9.1355064e-17,0.17161478
2604,1.0,7.317939e-17,-0.6447965
2605,1.0,1.5112667e-16,-0.81666946
2606,1.0,1.02627094e-16,-0.7009561
2607,1.0,2.2848428e-16,-0.11982017
2608,1.0,4.5723272e-17,-0.88478297
2609,1.0,1.7818488e-16,1.1645229
2610,1.0,1.1133523e-16,-1.2568543
2611,1.0,1.3560659e-16,0.18052833
2612,1.0,5.3363016e-17,0.94518495
2613,1.0,4.112562e-17,-0.12505722
2614,1.0,1.8165907e-16,0.10350349
2615,1.0,8.032678e-17,-1.1843251
2616,1.0,5.6579074e-17,-1.4402455
2617,1.0,2.595167e-16,0.5916528
2618,1.0,7.142831e-17,0.35652316
2619,1.0,9.494134e-17,0.17166698
2620,1.0,1.1191776e-16,0.28121212
2621,1.0,1.0449526e-16,-0.27113098
2622,1.0,7.87626e-17,-1.1151685
2623,1.0,3.5395495e-16,0.2661654
2624,1.0,1.513661e-16,0.4869479
2625,1.0,2.530567e-16,-2.586362
2626,1.0,1.3665036e-16,-0.1599187
2627,1.0,6.896158e-17,-0.20813017
2628,1.0,1.647199e-16,-0.2707444
2629,1.0,1.1826238e-16,0.032650843
2630,1.0,3.9223035e-17,1.5012792
2631,1.0,1.4115493e-16,-0.38354698
2632,1.0,2.3072463e-17,0.17798917
2633,1.0,4.0887696e-17,-1.249538
2634,1.0,2.7116108e-16,0.10474247
2635,1.0,1.725394e-16,-0.5367202
2636,1.0,1.8844858e-16,0.074888565
2637,1.0,9.412025e-17,0.38985574
2638,1.0,1.9670297e-16,-1.3369477
2639,1.0,1.09661e-16,-0.11507614
2640,1.0,1.0683015e-16,-0.9622436
2641,1.0,4.617746e-16,0.10934847
2642,1.0,1.2379001e-16,0.18137549
2643,1.0,3.583006e-17,1.8736783
2644,1.0,3.4482152e-17,0.46732002
2645,1.0,3.3032508e-17,0.13504574
2646,1.0,2.2541355e-16,0.15841542
2647,1.0,7.828752e-17,0.20518173
2648,1.0,8.024317e-17,0.528165
2649,1.0,1.5082545e-16,0.7175751
2650,1.0,1.3285391e-16,0.7670115
2651,1.0,7.310043e-17,-0.91089886
2652,1.0,2.1372277e-16,0.13246852
2653,1.0,3.4483075e-17,0.4426104
2654,1.0,1.3920786e-17,-0.13486476
2655,1.0,4.2582395e-16,-0.39807585
2656,1.0,1.3668737e-16,-0.11018861
2657,1.0,5.4977843e-16,-1.1215363
2658,1.0,2.4109747e-16,0.2899419
2659,1.0,3.3910816e-16,-1.3629379
2660,1.0,1.36811e-16,-0.7807438
2661,1.0,1.9374351e-16,-0.5856543
2662,1.0,1.5837576e-16,-0.34301835
2663,1.0,5.242759e-17,0.37237543
2664,1.0,1.0092276e-16,-0.4272781
2665,1.0,5.005367e-17,0.9456216
2666,1.0,8.755954e-17,0.90672827
2667,1.0,2.8864066e-16,0.65359324
2668,1.0,1.4630721e-16,-1.4320812
2669,1.0,2.6069946e-16,-2.3126402
2670,1.0,8.3598353e-17,0.0034753073
2671,1.0,3.17012e-17,-0.6412673
2672,1.0,3.5007686e-16,0.3659073
2673,1.0,5.596408e-17,-0.34015012
2674,1.0,2.1771455e-16,-1.0972352
2675,1.0,8.8282975e-17,-0.4601324
2676,1.0,1.3653051e-16,-1.7413001
2677,1.0,1.6354907e-16,-1.293926
2678,1.0,8.440844e-17,-0.26537508
2679,1.0,8.0611374e-16,-0.5598553
2680,1.0,1.348674e-15,3.338882
2681,1.0,1.5031253e-16,1.5101161
2682,1.0,1.5251604e-16,-1.0274507
2683,1.0,3.660259e-17,-0.2131266
2684,1.0,1.1452987e-16,0.12596703
2685,1.0,9.906743e-17,-2.2902968
2686,1.0,3.2600395e-16,-0.4346546
2687,1.0,6.680213e-17,0.38897318
2688,1.0,1.3215032e-16,-0.849231
2689,1.0,1.696352e-16,1.0531327
2690,1.0,2.649706e-16,0.37535486
2691,1.0,8.567818e-17,0.28237045
2692,1.0,2.4231905e-17,-1.3280978
2693,1.0,2.587633e-17,0.42746773
2694,1.0,1.9793364e-16,1.7433528
2695,1.0,7.528837e-17,1.2872303
2696,1.0,6.34161e-17,-0.17230704
2697,1.0,8.203992e-17,-0.123995654
2698,1.0,8.935805e-17,-0.49655393
2699,1.0,3.4569492e-16,-0.30817935
2700,1.0,1.0411289e-16,-0.3800919
2701,1.0,4.3363164e-16,-1.0330217
2702,1.0,3.7309422e-17,0.1757771
2703,1.0,1.6700834e-17,0.20597251
2704,1.0,6.5083126e-17,-1.3945163
2705,1.0,1.01632856e-16,-0.29978433
2706,1.0,1.1334462e-16,-1.1905632
2707,1.0,3.0928725e-16,-0.15062405
2708,1.0,5.2810373e-17,-0.55101615
2709,1.0,2.5066249e-16,-1.2751021
2710,1.0,9.831824e-17,-0.7797286
2711,1.0,4.821041e-16,1.1311747
2712,1.0,1.4037845e-16,1.8253381
2713,1.0,6.243435e-17,-0.29855838
2714,1.0,7.043609e-17,-2.9188976
2715,1.0,9.340918e-17,0.07113479
2716,1.0,7.5445383e-16,-0.11434563
2717,1.0,6.353668e-17,0.7592692
2718,1.0,7.1170503e-16,-1.574789
2719,1.0,1.7930654e-16,-0.73780113
2720,1.0,8.6393655e-17,0.28268743
2721,1.0,4.4646038e-17,0.98918927
2722,1.0,3.2698896e-17,0.76372856
2723,1.0,9.6126097e-17,0.97896993
2724,1.0,1.1523411e-16,-0.57429755
2725,1.0,1.9357e-15,-0.6135827
2726,1.0,8.580672e-17,0.6306842
2727,1.0,1.01993275e-16,-0.48125046
2728,1.0,5.910219e-17,0.21188818
2729,1.0,3.0510362e-17,0.79248106
2730,1.0,1.1413994e-16,-0.2371651
2731,1.0,2.678977e-16,0.2417689
2732,1.0,1.4005592e-16,0.47794712
2733,1.0,6.491034e-16,-1.5511231
2734,1.0,5.5988e-17,-0.73274773
2735,1.0,1.06268436e-16,-0.9817501
2736,1.0,5.4475114e-17,1.9530661
2737,1.0,2.2368059e-17,0.400989
2738,1.0,9.54745e-17,-0.1324868
2739,1.0,8.083304e-17,0.9902899
2740,1.0,3.190173e-17,1.8009495
2741,1.0,4.2021463e-17,1.9623535
2742,1.0,5.899204e-17,0.15539972
2743,1.0,2.2549094e-16,0.7063741
2744,1.0,4.6200694e-17,1.2480286
2745,1.0,2.1119496e-16,-0.04674895
2746,1.0,9.2172074e-17,-2.4867563
2747,1.0,2.5874765e-16,-1.2155851
2748,1.0,2.1211378e-16,1.5835781
2749,1.0,3.5591937e-17,-1.3037153
2750,1.0,1.5897136e-16,1.3907577
2751,1.0,2.1545408e-16,0.7410825
2752,1.0,9.784083e-17,1.0520128
2753,1.0,1.2003909e-16,0.6177152
2754,1.0,3.1898202e-17,1.1863009
2755,1.0,6.058274e-17,-1.3725976
2756,1.0,3.3700854e-17,0.84892565
2757,1.0,4.857148e-16,0.9065829
2758,1.0,1.0818596e-16,1.4482689
2759,1.0,4.3769812e-17,-0.8254536
2760,1.0,6.759395e-17,-1.4734269
2761,1.0,7.426604e-17,-0.9664282
2762,1.0,5.522311e-17,-1.6139786
2763,1.0,8.6970656e-17,0.35896456
2764,1.0,2.1268093e-16,0.9814666
2765,1.0,4.1443136e-16,-1.4166728
2766,1.0,5.7104897e-17,-0.69916815
2767,1.0,6.526337e-17,0.73501295
2768,1.0,4.4527827e-17,-0.1851543
2769,1.0,1.1418175e-16,-0.17598478
2770,1.0,4.4819944e-16,0.059839323
2771,1.0,5.004759e-16,1.9933648
2772,1.0,8.6561566e-17,0.39806953
2773,1.0,2.4792368e-16,0.29383063
2774,1.0,7.4733254e-17,0.48020884
2775,1.0,5.4733615e-17,-0.9494183
2776,1.0,2.513845e-16,1.0223227
2777,1.0,1.7322131e-16,-0.2610995
2778,1.0,2.2662925e-16,-0.19705045
2779,1.0,3.011697e-17,-1.2397661
2780,1.0,4.2128037e-17,-0.20997825
2781,1.0,2.2233913e-16,-1.5553129
2782,1.0,2.3065435e-16,-1.3417311
2783,1.0,4.679777e-16,0.37423527
2784,1.0,2.1218985e-16,0.52914834
2785,1.0,5.102262e-16,-2.6260574
2786,1.0,1.5273779e-17,0.7194032
2787,1.0,3.1619194e-17,-0.38751513
2788,1.0,3.054856e-17,-0.38780034
2789,1.0,1.7530197e-16,0.10275044
2790,1.0,2.8214366e-16,-0.59151524
2791,1.0,1.4030029e-16,-1.5907329
2792,1.0,6.752105e-16,0.03656048
2793,1.0,1.5191912e-16,-0.8282341
2794,1.0,6.585884e-17,0.13534403
2795,1.0,8.1017034e-17,-2.2134953
2796,1.0,1.5920805e-16,1.190887
2797,1.0,9.334897e-17,0.28720716
2798,1.0,2.2775766e-16,-2.633039
2799,1.0,2.84833e-17,0.06610188
2800,1.0,1.7178152e-16,-0.2679236
2801,1.0,5.0950265e-16,-1.699106
2802,1.0,6.0413804e-17,-0.81160736
2803,1.0,9.3581444e-17,0.104205854
2804,1.0,7.7514883e-17,-0.5979624
2805,1.0,1.0399936e-16,-0.25737697
2806,1.0,1.6601174e-17,0.7380608
2807,1.0,1.8597053e-16,-0.873439
2808,1.0,3.4543917e-16,-0.11289781
2809,1.0,6.497525e-16,-0.6044756
2810,1.0,4.832973e-16,-0.65966606
2811,1.0,2.5776642e-16,-0.42673832
2812,1.0,4.3453058e-17,0.9786751
2813,1.0,3.7902742e-17,-1.2502407
2814,1.0,1.8594845e-17,0.7793301
2815,1.0,1.5662738e-16,0.64364123
2816,1.0,4.5869343e-16,0.22413951
2817,1.0,8.725811e-17,0.3123207
2818,1.0,1.4167173e-16,0.048947364
2819,1.0,1.08058925e-16,-1.2470063
2820,1.0,3.476241e-17,-1.5686132
2821,1.0,1.2924181e-16,-0.78717613
2822,1.0,2.563876e-16,-0.8198262
2823,1.0,4.2805826e-17,0.6164491
2824,1.0,3.1078674e-17,1.4027756
2825,1.0,6.346256e-17,1.6609147
2826,1.0,2.5973546e-17,1.6917964
2827,1.0,8.127334e-17,-1.226228
2828,1.0,8.6782754e-17,-0.0044902735
2829,1.0,1.8596557e-16,-0.63215446
2830,1.0,3.9683417e-17,-0.2868022
2831,1.0,9.670427e-17,1.8832066
2832,1.0,9.151136e-16,0.62341
2833,1.0,3.264059e-16,2.0229855
2834,1.0,2.5182313e-16,-1.3391602
2835,1.0,5.8384214e-17,-1.1664822
2836,1.0,1.5079553e-16,-0.8675562
2837,1.0,1.6375757e-16,0.29507282
2838,1.0,1.7716204e-17,0.9478789
2839,1.0,8.722982e-17,-0.06149513
2840,1.0,1.6625772e-16,-1.0343753
2841,1.0,1.3719304e-16,-0.1732365
2842,1.0,9.565167e-17,-0.9966917
2843,1.0,1.9054416e-16,-1.2250186
2844,1.0,1.3630935e-16,0.61059195
2845,1.0,1.7616002e-16,-0.38203105
2846,1.0,6.557256e-17,1.7323372
2847,1.0,2.5763948e-17,0.89048976
2848,1.0,5.5718046e-17,-0.8824307
2849,1.0,3.7951358e-17,-1.73102
2850,1.0,1.9169316e-16,1.3951364
2851,1.0,3.379032e-17,0.9495253
2852,1.0,6.363735e-17,2.2628152
2853,1.0,3.4200762e-17,2.0899248
2854,1.0,4.1312576e-17,-0.6746583
2855,1.0,1.1400678e-16,0.7133295
2856,1.0,1.3941679e-16,-0.6609632
2857,1.0,1.4326892e-17,0.57297397
2858,1.0,8.5944635e-17,-0.9625623
2859,1.0,4.500839e-17,0.14644082
2860,1.0,3.1087214e-17,0.6524774
2861,1.0,3.5224547e-17,-0.12499202
2862,1.0,1.4803748e-16,-0.5032294
2863,1.0,1.0496108e-16,0.84391546
2864,1.0,2.4704004e-16,1.0947227
2865,1.0,8.9253126e-17,-0.10249463
2866,1.0,8.6060116e-17,1.6800127
2867,1.0,2.6706596e-17,1.178287
2868,1.0,7.3212896e-17,-0.07590647
2869,1.0,1.434719e-16,-0.07337506
2870,1.0,3.2159927e-16,0.06221587
2871,1.0,2.737187e-16,-0.89389545
2872,1.0,8.033996e-17,-0.29260406
2873,1.0,1.4850581e-16,-0.2928487
2874,1.0,4.789951e-16,1.8159474
2875,1.0,1.6058164e-16,-1.9343996
2876,1.0,6.9664635e-17,1.0462539
2877,1.0,1.4660107e-16,-0.08849884
2878,1.0,1.1871302e-16,1.0028943
2879,1.0,1.2173237e-16,1.0384245
2880,1.0,1.4470477e-16,0.20495722
2881,1.0,5.097415e-17,0.5389173
2882,1.0,2.54915e-16,-1.052435
2883,1.0,3.8906984e-16,-2.740869
2884,1.0,5.94976e-17,0.35420632
2885,1.0,1.0024515e-16,0.099251136
2886,1.0,3.5755664e-16,-0.59154856
2887,1.0,1.853494e-16,0.04042297
2888,1.0,1.3475426e-15,-0.6699653
2889,1.0,2.19004e-16,-0.38376153
2890,1.0,1.5846761e-16,-1.4561075
2891,1.0,1.8716404e-16,0.09113956
2892,1.0,7.0290913e-16,0.1896093
2893,1.0,7.2971195e-16,-1.2819785
2894,1.0,1.4393787e-16,-0.15930095
2895,1.0,2.9498425e-17,0.19831266
2896,1.0,3.502196e-17,-2.4356077
2897,1.0,6.174794e-17,-1.5943894
2898,1.0,2.9308097e-16,0.64064634
2899,1.0,1.07236006e-16,0.74843544
2900,1.0,4.426298e-16,0.8971264
2901,1.0,1.3491937e-15,1.7536852
2902,1.0,3.02742e-17,-0.29840595
2903,1.0,1.63925e-17,1.2694479
2904,1.0,4.234523e-17,0.12297089
2905,1.0,7.681021e-17,-1.1812621
2906,1.0,1.2721868e-16,-0.09103967
2907,1.0,7.3603815e-17,-0.84455216
2908,1.0,9.357037e-17,-0.3090386
2909,1.0,1.622268e-16,1.0123788
2910,1.0,5.082251e-17,-0.25903037
2911,1.0,3.7732224e-17,0.83862287
2912,1.0,5.540077e-17,-0.85561025
2913,1.0,5.3112612e-17,0.31913054
2914,1.0,4.4229705e-17,0.2205323
2915,1.0,2.363774e-16,1.8513247
2916,1.0,5.4120922e-17,0.22231437
2917,1.0,5.371983e-17,-0.53196293
2918,1.0,5.143064e-16,-0.8991842
2919,1.0,1.9444088e-17,1.4681433
2920,1.0,4.514716e-17,1.3514237
2921,1.0,2.6059405e-16,-1.8143702
2922,1.0,2.1717207e-16,0.50990254
2923,1.0,1.626159e-16,-1.29227
2924,1.0,5.076419e-17,1.3225435
2925,1.0,1.2758951e-16,0.031608544
2926,1.0,1.2361265e-15,-1.0691222
2927,1.0,2.5113624e-16,0.56793094
2928,1.0,3.6392239e-16,-1.9182165
2929,1.0,1.6820019e-16,0.66836095
2930,1.0,1.193651e-16,-0.5995767
2931,1.0,4.5255098e-17,0.07402564
2932,1.0,7.7243615e-17,-0.93577886
2933,1.0,2.9369539e-16,-0.34525308
2934,1.0,6.397568e-17,0.5755349
2935,1.0,7.121745e-17,0.8695326
2936,1.0,6.470684e-17,0.59400004
2937,1.0,1.3717316e-16,-0.48133332
2938,1.0,1.200001e-17,0.49191746
2939,1.0,1.3856158e-16,-2.201936
2940,1.0,4.7170907e-17,0.7584663
2941,1.0,1.3841992e-17,-0.5503974
2942,1.0,1.2323122e-16,-1.1200012
2943,1.0,3.052666e-17,0.0611399
2944,1.0,1.664843e-16,-1.0445838
2945,1.0,7.286851e-17,1.307453
2946,1.0,1.4637812e-16,0.14048322
2947,1.0,1.0308066e-16,-1.0594964
2948,1.0,1.7302714e-16,0.6530044
2949,1.0,4.4593952e-17,-0.43992984
2950,1.0,1.6550976e-16,-0.7809745
2951,1.0,6.38852e-17,0.59334034
2952,1.0,4.953908e-17,-0.11155402
2953,1.0,1.3368921e-16,-0.14914502
2954,1.0,2.4861126e-16,-1.4067641
2955,1.0,4.4104378e-16,-0.757105
2956,1.0,1.230715e-16,0.3062245
2957,1.0,1.6589463e-17,-0.32916272
2958,1.0,2.6105174e-16,-1.3964112
2959,1.0,8.651077e-16,-1.3205369
2960,1.0,4.6248482e-17,-0.25733075
2961,1.0,2.024999e-17,-0.09308916
2962,1.0,2.5285297e-17,-0.435574
2963,1.0,3.349491e-16,-1.3099673
2964,1.0,1.7074146e-16,0.94024175
2965,1.0,2.5586572e-17,-1.9311264
2966,1.0,4.816425e-17,0.94431174
2967,1.0,6.059106e-17,-0.13855973
2968,1.0,2.429467e-16,0.6447109
2969,1.0,5.000198e-16,1.1877428
2970,1.0,5.882555e-16,-0.5901569
2971,1.0,4.2456206e-16,-0.27514926
2972,1.0,1.1451151e-16,1.5907193
2973,1.0,2.208918e-16,0.9214778
2974,1.0,1.0545714e-16,0.5788093
2975,1.0,2.3649104e-16,-0.42183942
2976,1.0,1.4427319e-16,-0.4353705
2977,1.0,1.684878e-17,0.6797267
2978,1.0,1.7507942e-16,-0.50904083
2979,1.0,1.4751484e-17,0.121780165
2980,1.0,2.1091397e-16,0.62997526
2981,1.0,4.1920918e-17,-0.60603637
2982,1.0,1.8401718e-16,0.46283615
2983,1.0,2.8599922e-16,-1.1575601
2984,1.0,3.3199516e-17,-0.12033808
2985,1.0,2.6647077e-16,-0.10040633
2986,1.0,3.6146913e-17,-1.1940074
2987,1.0,8.206434e-17,1.597245
2988,1.0,1.4933294e-16,0.43683863
2989,1.0,5.871119e-17,1.40836
2990,1.0,5.1156287e-17,-0.022422511
2991,1.0,5.0037254e-17,0.44419122
2992,1.0,1.0045876e-16,-0.033343595
2993,1.0,3.1489194e-17,1.2867095
2994,1.0,1.5365654e-16,-0.6830625
2995,1.0,2.7491688e-16,-0.9645167
2996,1.0,1.1544084e-17,0.6859513
2997,1.0,2.2525023e-16,-1.5326678
2998,1.0,2.3657225e-16,1.9410629
2999,1.0,2.0772882e-16,0.008599048
