"","x"
"1",0.005
"2",0
"3",-0.025
"4",0
"5",0
"6",-0.035
"7",0
"8",0
"9",-0.04
"10",-0.005
"11",-0.015
"12",-0.005
"13",0.005
"14",0.005
"15",0
"16",-0.01
"17",-0.005
"18",0.005
"19",-0.02
"20",0.00499999999999995
"21",0
"22",-0.005
"23",0.005
"24",0.015
"25",0.03
"26",-0.035
"27",0
"28",0.005
"29",0.01
"30",0
"31",-0.005
"32",-0.01
"33",-0.015
"34",0.005
"35",0
"36",0.00499999999999998
"37",-0.005
"38",-0.01
"39",0
"40",0
"41",-0.01
"42",0.005
"43",0.005
"44",-0.025
"45",-0.015
"46",-0.02
"47",-0.015
"48",0
"49",-0.01
"50",0.025
"51",0
"52",0.015
"53",-0.005
"54",0.005
"55",-0.02
"56",0.00499999999999995
"57",-0.005
"58",0.015
"59",-0.01
"60",0.005
"61",0.02
"62",-0.01
"63",0.015
"64",0
"65",-0.04
"66",-0.025
"67",-0.01
"68",-0.03
"69",-0.02
"70",0.005
"71",0
"72",0.01
"73",0
"74",0.00999999999999998
"75",-0.025
"76",-0.025
"77",-0.02
"78",0.005
"79",0.015
"80",-0.005
"81",0.01
"82",-0.025
"83",0.01
"84",-0.02
"85",-0.05
"86",-0.02
"87",-0.01
"88",-0.03
"89",0
"90",-0.02
"91",0.015
"92",0
"93",-0.015
"94",-0.015
"95",-0.01
"96",-0.005
"97",-0.005
"98",0.025
"99",-0.02
"100",0.005
"101",-0.015
"102",-0.005
"103",0
"104",-0.01
"105",0
"106",0
"107",0.01
"108",-0.025
"109",0
"110",-0.005
"111",-0.005
"112",0.005
"113",0.005
"114",0.015
"115",-0.005
"116",0
"117",-0.01
"118",-0.005
"119",-0.005
"120",0.00999999999999998
"121",0.02
"122",-0.02
"123",-0.015
"124",0.01
"125",0.005
"126",-0.01
"127",0.005
"128",-0.035
"129",0.04
"130",-0.02
"131",-0.00499999999999995
"132",-0.01
"133",-0.01
"134",0.005
"135",0
"136",0.025
"137",-0.005
"138",-0.00999999999999995
"139",-0.015
"140",0.015
"141",0.005
"142",-0.00499999999999998
"143",-0.005
"144",-0.005
"145",0.005
"146",0.00999999999999995
"147",-0.025
"148",0
"149",-0.005
"150",-0.005
"151",-0.015
"152",0.005
"153",0.01
"154",0.015
"155",0.005
"156",0.005
"157",-0.01
"158",0.005
"159",-0.01
"160",0.01
"161",0
"162",-0.025
"163",0
"164",0.015
"165",-0.025
"166",0.00999999999999995
"167",-0.005
"168",0
"169",0.015
"170",-0.015
"171",-0.02
"172",0
"173",-0.005
"174",-0.01
"175",-0.01
"176",0
"177",-0.005
"178",0.005
"179",-0.025
"180",-0.015
"181",0.015
"182",0
"183",0
"184",0.00999999999999998
"185",0.00499999999999989
"186",-0.01
"187",0.005
"188",0.015
"189",-0.015
"190",-0.015
"191",0.005
"192",-0.015
"193",-0.01
"194",-0.005
"195",-0.00999999999999998
"196",-0.01
"197",0
"198",0
"199",0.015
"200",-0.01
"201",0
"202",-0.02
"203",0.005
"204",-0.03
"205",0.005
"206",-0.01
"207",-0.005
"208",0.015
"209",-0.02
"210",-0.01
"211",0.00499999999999998
"212",-0.005
"213",0.005
"214",-0.005
"215",-0.01
"216",-0.03
"217",-0.005
"218",-0.015
"219",0.005
"220",0
"221",0
"222",-0.02
"223",-0.015
"224",0
"225",-0.03
"226",-0.00999999999999998
"227",-0.005
"228",-0.00999999999999995
"229",-0.01
"230",0.00499999999999995
"231",-0.015
"232",-0.025
"233",-0.03
"234",0.01
"235",0
"236",-0.01
"237",0.005
"238",-0.02
"239",0.01
"240",0.015
"241",-0.045
"242",0.025
"243",-0.025
"244",0.01
"245",0
"246",0.02
"247",-0.005
"248",-0.04
"249",-0.03
"250",-0.005
"251",0
"252",-0.04
"253",-0.025
"254",-0.02
"255",-0.005
"256",0.01
"257",-0.015
"258",0
"259",0.005
"260",-0.01
"261",-0.005
"262",-0.015
"263",-0.025
"264",-0.01
"265",-0.005
"266",0.01
"267",0
"268",-0.005
"269",0
"270",0.01
"271",-0.00999999999999998
"272",0
"273",0.005
"274",-0.01
"275",-0.0099999999999999
"276",0.00999999999999998
"277",0.01
"278",-0.02
"279",0.02
"280",-0.015
"281",-0.015
"282",-0.005
"283",-0.01
"284",-0.02
"285",-0.00999999999999998
"286",0.005
"287",-0.015
"288",-0.005
"289",0.005
"290",-0.025
"291",0.005
"292",-0.01
"293",0
"294",0.005
"295",0
"296",0.025
"297",0
"298",-0.02
"299",-0.015
"300",-0.02
"301",-0.015
"302",-0.005
"303",-0.005
"304",0
"305",0
"306",-0.03
"307",-0.005
"308",-0.015
"309",0
"310",-0.0249999999999999
"311",-0.01
"312",0
"313",0.015
"314",-0.005
"315",0.00499999999999998
"316",-0.005
"317",0.005
"318",0
"319",0.005
"320",0.01
"321",0.005
"322",-0.02
"323",0
"324",-0.015
"325",-0.01
"326",0.005
"327",0.005
"328",0.01
"329",-0.02
"330",0
"331",0.02
"332",-0.015
"333",0.005
"334",0
"335",-0.025
"336",0
"337",0.01
"338",-0.02
"339",-0.005
"340",-0.035
"341",0
"342",-0.01
"343",0.01
"344",-0.0099999999999999
"345",-0.02
"346",-0.005
"347",-0.005
"348",-0.005
"349",-0.025
"350",0.005
"351",0.00499999999999995
"352",0
"353",0.005
"354",0
"355",0
"356",-0.015
"357",0
"358",-0.02
"359",-0.035
"360",-0.005
"361",-0.015
"362",-0.005
"363",-0.00999999999999995
"364",0.005
"365",-0.00499999999999998
"366",-0.015
"367",0.02
"368",0
"369",0.015
"370",0
"371",0.02
"372",-0.01
"373",-0.02
"374",-0.00999999999999995
"375",-0.005
"376",-0.005
"377",0.005
"378",0.02
"379",0.015
"380",-0.025
"381",-0.005
"382",0.025
"383",0.02
"384",0
"385",0.01
"386",0
"387",-0.005
"388",-0.02
"389",-0.02
"390",0.01
"391",-0.015
"392",-0.005
"393",0.005
"394",0.00999999999999995
"395",-0.015
"396",0.03
"397",0
"398",-0.015
"399",-0.015
"400",-0.005
"401",-0.005
"402",-0.005
"403",-0.025
"404",0.01
"405",-0.005
"406",0.01
"407",0.015
"408",-0.01
"409",-0.02
"410",-0.015
"411",0.015
"412",-0.005
"413",0
"414",0
"415",-0.02
"416",0
"417",0
"418",-0.02
"419",0
"420",0.02
"421",-0.02
"422",-0.02
"423",-0.015
"424",-0.035
"425",0.015
"426",0
"427",-0.01
"428",-0.005
"429",-0.00499999999999995
"430",-0.005
"431",0
"432",-0.005
"433",-0.01
"434",0.01
"435",0.015
"436",0.02
"437",0.005
"438",-0.01
"439",0.005
"440",-0.005
"441",-0.04
"442",-0.02
"443",-0.05
"444",-0.01
"445",0.00999999999999998
"446",-0.02
"447",0.01
"448",0.01
"449",-0.005
"450",-0.01
"451",0.005
"452",0.01
"453",-0.02
"454",-0.01
"455",0.015
"456",0.00999999999999995
"457",-0.015
"458",-0.025
"459",-0.00999999999999995
"460",0.015
"461",0
"462",0
"463",0
"464",-0.015
"465",0
"466",-0.0349999999999999
"467",-0.02
"468",-0.005
"469",0.015
"470",-0.015
"471",-0.015
"472",0.01
"473",0
"474",0.00499999999999999
"475",-0.005
"476",-0.005
"477",-0.01
"478",-0.00499999999999995
"479",-0.00999999999999998
"480",-0.01
"481",0
"482",-0.01
"483",-0.015
"484",-0.00999999999999995
"485",0.005
"486",0.01
"487",-0.02
"488",-0.02
"489",-0.01
"490",-0.00999999999999995
"491",-0.02
"492",-0.00999999999999995
"493",-0.025
"494",-0.005
"495",0.02
"496",-0.015
"497",-0.01
"498",0.015
"499",0.01
"500",-0.0249999999999999
"501",0
"502",-0.005
"503",0.00999999999999998
"504",0.01
"505",-0.03
"506",0.005
"507",0
"508",0.01
"509",-0.02
"510",-0.02
"511",-0.01
"512",-0.005
"513",-0.01
"514",0.005
"515",0
"516",0.01
"517",-0.015
"518",0.015
"519",0
"520",-0.015
"521",0.01
"522",-0.005
"523",0.00499999999999998
"524",0.015
"525",0.01
"526",0.005
"527",0.005
"528",-0.02
"529",-0.00499999999999995
"530",-0.00999999999999995
"531",0.01
"532",-0.005
"533",0.02
"534",0.02
"535",-0.015
"536",-0.015
"537",-0.03
"538",-0.015
"539",0
"540",-0.02
"541",0.005
"542",0
"543",-0.025
"544",0
"545",0
"546",0.005
"547",-0.015
"548",0.00499999999999998
"549",-0.025
"550",0
"551",-0.00499999999999998
"552",-0.025
"553",-0.02
"554",-0.015
"555",0.015
"556",0.01
"557",0.00999999999999998
"558",0
"559",0
"560",-0.025
"561",-0.015
"562",0.015
"563",-0.02
"564",-0.04
"565",-0.005
"566",-0.02
"567",-0.035
"568",-0.04
"569",-0.035
"570",-0.01
"571",-0.00999999999999995
"572",0.015
"573",0.005
"574",-0.015
"575",-0.005
"576",0.025
"577",0.02
"578",0.01
"579",-0.035
"580",-0.01
"581",0.01
"582",-0.01
"583",-0.00499999999999998
"584",-0.005
"585",-0.01
"586",-0.015
"587",-0.03
"588",0
"589",0.025
"590",0.005
"591",-0.01
"592",0
"593",-0.015
"594",-0.015
"595",0
"596",-0.02
"597",0.01
"598",0.005
"599",-0.005
"600",0
"601",0.005
"602",-0.01
"603",0
"604",-0.01
"605",0.005
"606",0.005
"607",0.005
"608",0
"609",-0.005
"610",0.005
"611",-0.005
"612",-0.005
"613",-0.015
"614",-0.005
"615",-0.01
"616",-0.005
"617",0
"618",0.01
"619",0.015
"620",-0.025
"621",-0.005
"622",-0.015
"623",-0.005
"624",0.01
"625",-0.015
"626",-0.025
"627",-0.015
"628",0.015
"629",-0.02
"630",0
"631",-0.01
"632",-0.005
"633",-0.00999999999999998
"634",-0.005
"635",0.005
"636",-0.005
"637",-0.01
"638",-0.02
"639",-0.04
"640",-0.015
"641",0
"642",0.01
"643",0.02
"644",-0.005
"645",0
"646",-0.005
"647",0
"648",-0.03
"649",0.01
"650",0.005
"651",-0.025
"652",0
"653",0
"654",0.005
"655",0.01
"656",0
"657",0.005
"658",0.005
"659",-0.02
"660",-0.035
"661",0.005
"662",0.005
"663",0.005
"664",-0.02
"665",0
"666",-0.025
"667",0.005
"668",0
"669",0.005
"670",0.015
"671",0.005
"672",-0.005
"673",0.02
"674",0
"675",-0.005
"676",-0.01
"677",-0.01
"678",0.03
"679",-0.005
"680",-0.015
"681",0
"682",-0.045
"683",0.005
"684",-0.02
"685",-0.00999999999999995
"686",0.005
"687",0.005
"688",-0.015
"689",-0.015
"690",0
"691",0.01
"692",0.02
"693",0.005
"694",-0.015
"695",-0.0149999999999999
"696",0
"697",0.015
"698",0.01
"699",-0.015
"700",-0.01
"701",-0.02
"702",0.005
"703",0.02
"704",-0.03
"705",-0.02
"706",0.01
"707",0.01
"708",-0.005
"709",-0.025
"710",0.005
"711",-0.005
"712",0.005
"713",0.015
"714",-0.02
"715",0.02
"716",0.005
"717",0
"718",-0.02
"719",0.01
"720",0.015
"721",0.025
"722",0.015
"723",-0.00999999999999995
"724",-0.005
"725",0.015
"726",-0.01
"727",-0.005
"728",0.035
"729",-0.015
"730",-0.02
"731",0.005
"732",-0.025
"733",0.005
"734",0
"735",-0.005
"736",0.015
"737",-0.00999999999999995
"738",0.005
"739",-0.00999999999999998
"740",-0.015
"741",0
"742",-0.005
"743",0
"744",0
"745",-0.005
"746",0.01
"747",0.005
"748",-0.005
"749",0
"750",-0.00499999999999995
"751",-0.01
"752",0
"753",0.00999999999999995
"754",0.005
"755",-0.025
"756",0.005
"757",-0.015
"758",0
"759",-0.005
"760",-0.015
"761",-0.01
"762",0.025
"763",0.015
"764",-0.00499999999999998
"765",-0.03
"766",-0.01
"767",-0.005
"768",0
"769",-0.045
"770",0.025
"771",0.02
"772",-0.0149999999999999
"773",-0.01
"774",-0.02
"775",0
"776",-0.015
"777",-0.005
"778",-0.02
"779",0.005
"780",-0.00499999999999995
"781",-0.005
"782",0.005
"783",0.02
"784",0
"785",-0.01
"786",0.01
"787",-0.005
"788",-0.01
"789",0
"790",-0.02
"791",0.005
"792",-0.01
"793",0
"794",-0.02
"795",0.015
"796",-0.03
"797",0.015
"798",-0.025
"799",-0.03
"800",-0.005
"801",-0.005
"802",-0.03
"803",-0.01
"804",-0.00999999999999995
"805",0.00499999999999998
"806",0.01
"807",-0.015
"808",-0.015
"809",-0.01
"810",0
"811",-0.00499999999999995
"812",0
"813",-0.00499999999999995
"814",-0.02
"815",0.005
"816",0.005
"817",0.015
"818",-0.035
"819",0.015
"820",0.01
"821",-0.015
"822",0.025
"823",0
"824",-0.005
"825",-0.005
"826",-0.05
"827",0.005
"828",0.015
"829",0
"830",0.015
"831",0
"832",-0.02
"833",-0.02
"834",-0.01
"835",-0.025
"836",0.005
"837",0.00499999999999995
"838",-0.00999999999999998
"839",0
"840",0.015
"841",0.005
"842",-0.00999999999999995
"843",-0.02
"844",-0.005
"845",-0.025
"846",0
"847",-0.015
"848",0.005
"849",0.005
"850",0
"851",-0.005
"852",-0.02
"853",-0.005
"854",0.005
"855",0.005
"856",0.01
"857",0.015
"858",0.005
"859",-0.03
"860",-0.03
"861",0.005
"862",-0.005
"863",-0.025
"864",-0.035
"865",0.005
"866",-0.005
"867",-0.015
"868",-0.01
"869",-0.005
"870",0.02
"871",0.005
"872",-0.01
"873",-0.01
"874",0.015
"875",-0.025
"876",0
"877",-0.02
"878",0
"879",-0.005
"880",-0.005
"881",0
"882",-0.015
"883",0.005
"884",-0.025
"885",-0.015
"886",-0.01
"887",0
"888",-0.03
"889",-0.01
"890",0.01
"891",0.005
"892",0.025
"893",0.01
"894",-0.005
"895",-0.02
"896",0.02
"897",-0.015
"898",-0.015
"899",0.005
"900",0.005
"901",-0.045
"902",-0.005
"903",-0.005
"904",-0.015
"905",-0.01
"906",-0.015
"907",-0.005
"908",0
"909",0.00999999999999998
"910",-0.01
"911",0.025
"912",0.01
"913",0.005
"914",-0.015
"915",-0.005
"916",0
"917",-0.01
"918",-0.01
"919",0
"920",0.005
"921",0.005
"922",0.02
"923",0.00999999999999998
"924",0.015
"925",0.005
"926",-0.01
"927",0
"928",-0.005
"929",-0.02
"930",0
"931",-0.005
"932",0
"933",0.02
"934",0
"935",-0.025
"936",-0.025
"937",0
"938",-0.01
"939",0.015
"940",-0.00999999999999995
"941",0
"942",0.01
"943",-0.015
"944",0
"945",0.005
"946",-0.02
"947",0
"948",0.01
"949",-0.01
"950",0
"951",0
"952",0.015
"953",-0.005
"954",-0.015
"955",0
"956",0.01
"957",0.02
"958",0
"959",0
"960",-0.005
"961",0
"962",0
"963",0.005
"964",0.005
"965",0.005
"966",-0.005
"967",-0.015
"968",-0.03
"969",-0.035
"970",-0.005
"971",0.015
"972",-0.02
"973",-0.01
"974",-0.015
"975",-0.02
"976",-0.01
"977",-0.02
"978",-0.025
"979",-0.02
"980",-0.01
"981",0.015
"982",-0.01
"983",-0.035
"984",-0.04
"985",0
"986",0
"987",0.005
"988",0.00499999999999995
"989",-0.005
"990",-0.02
"991",0
"992",0.005
"993",0.005
"994",0.015
"995",-0.045
"996",0.005
"997",0
"998",-0.01
"999",0.005
"1000",0.02
"1001",-0.00499999999999989
"1002",0.01
"1003",0.01
"1004",-0.005
"1005",0.02
"1006",-0.005
"1007",-0.015
"1008",0.02
"1009",0.005
"1010",0
"1011",0
"1012",0.01
"1013",-0.045
"1014",-0.015
"1015",-0.01
"1016",-0.01
"1017",0
"1018",0.01
"1019",-0.005
"1020",-0.0249999999999999
"1021",-0.015
"1022",-0.02
"1023",-0.015
"1024",-0.02
"1025",-0.01
"1026",-0.005
"1027",-0.01
"1028",0.025
"1029",-0.005
"1030",0.005
"1031",0
"1032",-0.005
"1033",-0.03
"1034",-0.005
"1035",-0.04
"1036",-0.01
"1037",-0.035
"1038",0.005
"1039",0.015
"1040",0.015
"1041",-0.005
"1042",0.01
"1043",0
"1044",0
"1045",-0.01
"1046",-0.025
"1047",-0.01
"1048",-0.03
"1049",-0.02
"1050",-0.01
"1051",-0.005
"1052",0.005
"1053",-0.02
"1054",0.015
"1055",-0.035
"1056",-0.005
"1057",-0.01
"1058",-0.01
"1059",-0.015
"1060",-0.00499999999999995
"1061",-0.01
"1062",-0.005
"1063",-0.005
"1064",0.02
"1065",0.005
"1066",-0.015
"1067",-0.01
"1068",-0.015
"1069",0.015
"1070",-0.015
"1071",-0.005
"1072",-0.01
"1073",-0.025
"1074",-0.015
"1075",0.015
"1076",-0.01
"1077",0.015
"1078",0.015
"1079",-0.02
"1080",-0.01
"1081",0.015
"1082",-0.005
"1083",0.005
"1084",0
"1085",-0.01
"1086",0.005
"1087",0.005
"1088",-0.02
"1089",-0.005
"1090",-0.015
"1091",0
"1092",-0.04
"1093",-0.02
"1094",0.005
"1095",-0.015
"1096",-0.015
"1097",-0.00499999999999995
"1098",-0.02
"1099",-0.01
"1100",0
"1101",-0.015
"1102",-0.015
"1103",-0.015
"1104",-0.005
"1105",-0.015
"1106",0.00499999999999998
"1107",0
"1108",-0.01
"1109",-0.025
"1110",0.015
"1111",-0.02
"1112",0.015
"1113",-0.03
"1114",-0.015
"1115",-0.00999999999999995
"1116",-0.015
"1117",0.00499999999999998
"1118",-0.005
"1119",0.015
"1120",0.015
"1121",0.01
"1122",0.015
"1123",0
"1124",0.005
"1125",0
"1126",0.005
"1127",0.025
"1128",0
"1129",0.01
"1130",0.005
"1131",0.005
"1132",-0.00499999999999995
"1133",-0.005
"1134",-0.015
"1135",-0.035
"1136",0
"1137",-0.02
"1138",-0.01
"1139",-0.005
"1140",0.025
"1141",-0.005
"1142",0.005
"1143",-0.005
"1144",-0.02
"1145",-0.01
"1146",0
"1147",-0.02
"1148",-0.005
"1149",0.005
"1150",-0.01
"1151",-0.01
"1152",0.005
"1153",-0.015
"1154",-0.015
"1155",0.005
"1156",-0.01
"1157",0
"1158",0.02
"1159",-0.00499999999999995
"1160",-0.02
"1161",0.01
"1162",-0.005
"1163",0.005
"1164",0.01
"1165",0.005
"1166",-0.005
"1167",0.005
"1168",0.00499999999999998
"1169",-0.04
"1170",-0.025
"1171",-0.005
"1172",0.015
"1173",0.00999999999999998
"1174",0.01
"1175",0.02
"1176",0.005
"1177",-0.03
"1178",-0.005
"1179",-0.02
"1180",0
"1181",-0.00999999999999995
"1182",0.02
"1183",-0.015
"1184",0.005
"1185",-0.015
"1186",0
"1187",-0.00499999999999998
"1188",-0.005
"1189",0.015
"1190",0
"1191",-0.02
"1192",0
"1193",-0.03
"1194",0
"1195",-0.005
"1196",0
"1197",0.00999999999999995
"1198",0.005
"1199",0
"1200",-0.01
"1201",0
"1202",0.01
"1203",0
"1204",-0.04
"1205",-0.03
"1206",-0.02
"1207",0.015
"1208",0
"1209",0
"1210",-0.015
"1211",-0.015
"1212",0
"1213",0
"1214",-0.005
"1215",0.005
"1216",0.005
"1217",0.005
"1218",-0.015
"1219",-0.01
"1220",-0.00999999999999995
"1221",-0.02
"1222",-0.00999999999999995
"1223",0.005
"1224",0.025
"1225",0.025
"1226",0.01
"1227",-0.015
"1228",0.005
"1229",-0.005
"1230",0
"1231",-0.01
"1232",-0.01
"1233",0.01
"1234",0.00999999999999995
"1235",0
"1236",-0.015
"1237",0
"1238",-0.02
"1239",-0.005
"1240",-0.00499999999999998
"1241",-0.015
"1242",-0.005
"1243",-0.015
"1244",0
"1245",0.01
"1246",-0.035
"1247",-0.015
"1248",-0.04
"1249",0.005
"1250",-0.025
"1251",0
"1252",-0.01
"1253",0.02
"1254",-0.015
"1255",-0.005
"1256",-0.03
"1257",0.01
"1258",-0.005
"1259",0.005
"1260",0
"1261",-0.015
"1262",0.005
"1263",0.015
"1264",-0.005
"1265",0.005
"1266",-0.00999999999999995
"1267",-0.02
"1268",0
"1269",0.01
"1270",0.005
"1271",0
"1272",-0.00999999999999998
"1273",0.015
"1274",-0.01
"1275",0.01
"1276",-0.02
"1277",-0.035
"1278",0.005
"1279",-0.02
"1280",-0.005
"1281",0
"1282",0.03
"1283",-0.005
"1284",0.02
"1285",0.005
"1286",-0.035
"1287",0.015
"1288",-0.00499999999999998
"1289",-0.005
"1290",-0.02
"1291",0.00499999999999995
"1292",0.00499999999999998
"1293",0
"1294",-0.00999999999999995
"1295",-0.005
"1296",0
"1297",-0.025
"1298",0.01
"1299",-0.01
"1300",-0.015
"1301",0.005
"1302",0.01
"1303",0.025
"1304",-0.015
"1305",0.005
"1306",0
"1307",0
"1308",-0.01
"1309",0
"1310",0.01
"1311",-0.02
"1312",-0.015
"1313",0.02
"1314",0
"1315",-0.005
"1316",0
"1317",-0.005
"1318",0
"1319",-0.01
"1320",-0.005
"1321",-0.00999999999999995
"1322",0.005
"1323",-0.025
"1324",0.005
"1325",0.005
"1326",-0.005
"1327",0.01
"1328",0.005
"1329",-0.015
"1330",-0.005
"1331",-0.005
"1332",-0.015
"1333",-0.01
"1334",0.005
"1335",0.01
"1336",-0.01
"1337",0.005
"1338",0
"1339",-0.015
"1340",-0.005
"1341",-0.02
"1342",0
"1343",-0.02
"1344",0.005
"1345",-0.01
"1346",-0.00999999999999995
"1347",0.015
"1348",0.005
"1349",0
"1350",-0.03
"1351",-0.02
"1352",0.015
"1353",-0.015
"1354",-0.005
"1355",0
"1356",0.02
"1357",-0.03
"1358",-0.025
"1359",0.02
"1360",0.01
"1361",-0.01
"1362",-0.01
"1363",0
"1364",-0.005
"1365",0.005
"1366",-0.015
"1367",-0.015
"1368",0
"1369",0
"1370",0
"1371",0.015
"1372",-0.015
"1373",-0.02
"1374",0
"1375",0.005
"1376",-0.04
"1377",-0.015
"1378",-0.005
"1379",-0.005
"1380",-0.025
"1381",-0.02
"1382",-0.015
"1383",0
"1384",-0.00999999999999998
"1385",-0.005
"1386",0.015
"1387",-0.01
"1388",-0.015
"1389",0
"1390",0.01
"1391",-0.01
"1392",0
"1393",-0.005
"1394",-0.015
"1395",0
"1396",-0.01
"1397",0.005
"1398",-0.01
"1399",-0.025
"1400",-0.015
"1401",-0.04
"1402",0.015
"1403",0
"1404",0.005
"1405",0.01
"1406",0.015
"1407",-0.015
"1408",-0.035
"1409",-0.01
"1410",0.02
"1411",-0.00999999999999995
"1412",0
"1413",0
"1414",0.005
"1415",-0.005
"1416",-0.025
"1417",-0.00499999999999998
"1418",-0.015
"1419",0
"1420",0.015
"1421",0
"1422",-0.025
"1423",0
"1424",-0.01
"1425",-0.035
"1426",0
"1427",-0.045
"1428",0.01
"1429",-0.00499999999999995
"1430",0.01
"1431",-0.01
"1432",-0.02
"1433",0
"1434",-0.01
"1435",-0.01
"1436",-0.035
"1437",-0.01
"1438",0.015
"1439",0.005
"1440",0.01
"1441",0.02
"1442",-0.01
"1443",0.015
"1444",-0.04
"1445",-0.02
"1446",0.01
"1447",0.005
"1448",-0.015
"1449",0
"1450",-0.005
"1451",0.015
"1452",0
"1453",0.005
"1454",0.01
"1455",-0.025
"1456",-0.025
"1457",-0.01
"1458",0.005
"1459",-0.005
"1460",0.01
"1461",-0.035
"1462",0.005
"1463",-0.015
"1464",-0.02
"1465",0
"1466",0
"1467",-0.01
"1468",-0.005
"1469",-0.015
"1470",0.02
"1471",0
"1472",-0.02
"1473",0.005
"1474",-0.02
"1475",0.01
"1476",-0.015
"1477",-0.005
"1478",-0.005
"1479",-0.005
"1480",-0.035
"1481",-0.005
"1482",-0.01
"1483",-0.005
"1484",-0.02
"1485",0
"1486",-0.02
"1487",0.005
"1488",0
"1489",-0.01
"1490",0.00499999999999998
"1491",-0.015
"1492",-0.02
"1493",-0.02
"1494",0.00999999999999995
"1495",0.005
"1496",-0.01
"1497",0
"1498",0
"1499",-0.02
"1500",-0.005
"1501",0.01
"1502",-0.01
"1503",-0.025
"1504",0.015
"1505",0.005
"1506",0.005
"1507",-0.035
"1508",-0.025
"1509",-0.02
"1510",-0.0199999999999999
"1511",-0.01
"1512",0
"1513",-0.02
"1514",0
"1515",-0.03
"1516",-0.04
"1517",-0.01
"1518",-0.01
"1519",0
"1520",0.005
"1521",0
"1522",0.015
"1523",-0.005
"1524",-0.00999999999999995
"1525",-0.015
"1526",0.005
"1527",-0.025
"1528",-0.00999999999999998
"1529",0.00499999999999998
"1530",-0.01
"1531",-0.005
"1532",-0.025
"1533",0.005
"1534",-0.00999999999999995
"1535",0.005
"1536",0
"1537",0.01
"1538",0.01
"1539",0.00999999999999998
"1540",0
"1541",-0.01
"1542",0.015
"1543",0
"1544",-0.015
"1545",-0.00999999999999995
"1546",0.005
"1547",-0.00999999999999995
"1548",0.005
"1549",-0.01
"1550",-0.005
"1551",0.015
"1552",0.02
"1553",0.015
"1554",-0.01
"1555",-0.00999999999999995
"1556",0
"1557",0
"1558",-0.005
"1559",-0.02
"1560",0
"1561",-0.005
"1562",-0.005
"1563",-0.005
"1564",-0.015
"1565",0
"1566",-0.015
"1567",0
"1568",-0.01
"1569",-0.01
"1570",0
"1571",-0.01
"1572",-0.0199999999999999
"1573",0
"1574",-0.005
"1575",-0.005
"1576",-0.005
"1577",-0.01
"1578",0.005
"1579",0
"1580",-0.01
"1581",-0.01
"1582",-0.015
"1583",-0.01
"1584",0.00499999999999995
"1585",0
"1586",0.00999999999999998
"1587",-0.01
"1588",-0.015
"1589",-0.00999999999999998
"1590",-0.005
"1591",-0.005
"1592",-0.00999999999999998
"1593",0.01
"1594",-0.005
"1595",0.00499999999999995
"1596",0
"1597",-0.015
"1598",-0.015
"1599",0
"1600",0.005
"1601",-0.015
"1602",-0.01
"1603",-0.005
"1604",0.01
"1605",0
"1606",0.01
"1607",0.015
"1608",0.02
"1609",-0.035
"1610",-0.02
"1611",-0.02
"1612",-0.01
"1613",-0.005
"1614",-0.015
"1615",0.01
"1616",-0.01
"1617",-0.025
"1618",-0.01
"1619",-0.01
"1620",0.005
"1621",-0.015
"1622",-0.02
"1623",0.005
"1624",0.03
"1625",0.005
"1626",0
"1627",-0.015
"1628",0
"1629",0.015
"1630",0.01
"1631",-0.005
"1632",0.015
"1633",-0.01
"1634",-0.015
"1635",0.01
"1636",0
"1637",-0.005
"1638",-0.03
"1639",0.005
"1640",-0.01
"1641",0.005
"1642",-0.005
"1643",0.01
"1644",-0.015
"1645",-0.01
"1646",-0.015
"1647",0.00499999999999995
"1648",0.01
"1649",-0.005
"1650",-0.02
"1651",-0.02
"1652",0
"1653",-0.0099999999999999
"1654",-0.02
"1655",-0.005
"1656",0.005
"1657",0
"1658",0
"1659",-0.025
"1660",0
"1661",-0.05
"1662",0
"1663",-0.005
"1664",0.01
"1665",-0.015
"1666",-0.02
"1667",0.01
"1668",-0.025
"1669",-0.03
"1670",-0.02
"1671",0.005
"1672",0
"1673",0.015
"1674",-0.01
"1675",-0.015
"1676",0.01
"1677",0.01
"1678",-0.015
"1679",-0.015
"1680",-0.03
"1681",-0.01
"1682",-0.01
"1683",-0.01
"1684",-0.035
"1685",0.005
"1686",0
"1687",0.015
"1688",0.005
"1689",0
"1690",0.005
"1691",0.005
"1692",-0.01
"1693",-0.005
"1694",-0.025
"1695",0.015
"1696",-0.01
"1697",0
"1698",0.01
"1699",-0.01
"1700",-0.01
"1701",0.02
"1702",0.00499999999999998
"1703",0.01
"1704",0.005
"1705",-0.01
"1706",0
"1707",0
"1708",-0.05
"1709",-0.015
"1710",-0.015
"1711",0.015
"1712",-0.0099999999999999
"1713",-0.03
"1714",-0.015
"1715",-0.005
"1716",0
"1717",-0.04
"1718",-0.01
"1719",-0.02
"1720",-0.005
"1721",0.005
"1722",0
"1723",0.015
"1724",0.005
"1725",0
"1726",0
"1727",-0.01
"1728",-0.01
"1729",-0.025
"1730",0.015
"1731",-0.005
"1732",-0.00999999999999998
"1733",-0.015
"1734",-0.02
"1735",-0.015
"1736",0.005
"1737",-0.02
"1738",0.02
"1739",0.005
"1740",0.02
"1741",0.025
"1742",-0.015
"1743",-0.04
"1744",-0.02
"1745",0.00999999999999998
"1746",-0.015
"1747",0.01
"1748",-0.0149999999999999
"1749",0.00499999999999995
"1750",0.00999999999999995
"1751",0.015
"1752",0.005
"1753",-0.025
"1754",-0.005
"1755",0.005
"1756",0.005
"1757",0.00999999999999998
"1758",-0.015
"1759",-0.02
"1760",-0.005
"1761",-0.02
"1762",0.005
"1763",0.005
"1764",-0.02
"1765",-0.02
"1766",-0.005
"1767",0.005
"1768",0
"1769",0.01
"1770",-0.005
"1771",-0.015
"1772",-0.01
"1773",0.04
"1774",0.015
"1775",-0.005
"1776",0.02
"1777",-0.005
"1778",-0.03
"1779",-0.04
"1780",-0.00999999999999998
"1781",0.00499999999999999
"1782",-0.02
"1783",-0.005
"1784",0
"1785",-0.015
"1786",-0.02
"1787",-0.01
"1788",0.005
"1789",-0.015
"1790",-0.02
"1791",-0.02
"1792",-0.02
"1793",-0.035
"1794",0
"1795",0.005
"1796",-0.02
"1797",0.01
"1798",-0.01
"1799",-0.00999999999999995
"1800",-0.01
"1801",-0.01
"1802",-0.005
"1803",0.005
"1804",0.015
"1805",0.005
"1806",-0.005
"1807",0
"1808",-0.005
"1809",-0.005
"1810",-0.005
"1811",-0.01
"1812",-0.01
"1813",0.02
"1814",-0.005
"1815",-0.01
"1816",0
"1817",0
"1818",-0.015
"1819",0.01
"1820",-0.015
"1821",0.005
"1822",-0.01
"1823",-0.005
"1824",0.005
"1825",-0.015
"1826",0.015
"1827",0
"1828",0.015
"1829",-0.015
"1830",-0.01
"1831",-0.01
"1832",-0.035
"1833",-0.015
"1834",-0.015
"1835",-0.005
"1836",0.005
"1837",-0.02
"1838",0.005
"1839",0.01
"1840",-0.015
"1841",-0.01
"1842",0.005
"1843",-0.005
"1844",-0.01
"1845",-0.015
"1846",-0.00999999999999995
"1847",0.005
"1848",0
"1849",-0.02
"1850",-0.025
"1851",-0.005
"1852",0.01
"1853",0.01
"1854",-0.015
"1855",-0.015
"1856",-0.015
"1857",-0.005
"1858",0
"1859",-0.01
"1860",-0.03
"1861",-0.005
"1862",0
"1863",-0.015
"1864",-0.005
"1865",0
"1866",-0.00499999999999995
"1867",-0.015
"1868",-0.015
"1869",-0.015
"1870",0
"1871",-0.01
"1872",0.005
"1873",0.005
"1874",0.005
"1875",-0.005
"1876",0.005
"1877",0.01
"1878",0.015
"1879",-0.015
"1880",0
"1881",-0.015
"1882",-0.01
"1883",0.005
"1884",-0.005
"1885",-0.00999999999999995
"1886",0.02
"1887",-0.01
"1888",-0.005
"1889",0.01
"1890",-0.025
"1891",0
"1892",0.02
"1893",-0.005
"1894",0.01
"1895",-0.015
"1896",0
"1897",-0.005
"1898",0.02
"1899",-0.00999999999999995
"1900",-0.03
"1901",0
"1902",0.025
"1903",-0.015
"1904",0
"1905",0.015
"1906",-0.01
"1907",-0.015
"1908",0.015
"1909",-0.04
"1910",-0.01
"1911",0.02
"1912",0.01
"1913",0
"1914",0
"1915",0.015
"1916",0.005
"1917",0.005
"1918",-0.005
"1919",-0.02
"1920",-0.015
"1921",0.02
"1922",-0.005
"1923",0.01
"1924",0
"1925",-0.01
"1926",0
"1927",-0.02
"1928",0.015
"1929",-0.035
"1930",-0.01
"1931",0.005
"1932",0.015
"1933",-0.005
"1934",0.01
"1935",0
"1936",0.015
"1937",0.005
"1938",-0.015
"1939",-0.015
"1940",0.005
"1941",0.025
"1942",0.005
"1943",0.01
"1944",-0.015
"1945",0.01
"1946",0
"1947",0.01
"1948",0
"1949",-0.005
"1950",-0.02
"1951",0
"1952",-0.005
"1953",0.005
"1954",0.02
"1955",0.01
"1956",0.00999999999999998
"1957",0.005
"1958",-0.01
"1959",0.015
"1960",0
"1961",0.01
"1962",0
"1963",-0.025
"1964",0.00999999999999995
"1965",0
"1966",0
"1967",0.01
"1968",0.01
"1969",0
"1970",-0.045
"1971",-0.015
"1972",0.015
"1973",0.015
"1974",-0.015
"1975",0.02
"1976",0
"1977",-0.025
"1978",0.015
"1979",0.02
"1980",0.015
"1981",-0.01
"1982",-0.025
"1983",0
"1984",-0.01
"1985",-0.035
"1986",-0.03
"1987",0.005
"1988",-0.015
"1989",-0.015
"1990",-0.05
"1991",-0.045
"1992",0
"1993",-0.025
"1994",0.005
"1995",-0.005
"1996",0.00499999999999995
"1997",-0.005
"1998",-0.005
"1999",0.015
"2000",0
"2001",-0.005
"2002",-0.00999999999999998
"2003",-0.01
"2004",-0.025
"2005",0
"2006",-0.015
"2007",-0.01
"2008",0.02
"2009",0.015
"2010",-0.005
"2011",0.015
"2012",0
"2013",0.015
"2014",-0.02
"2015",0.01
"2016",-0.015
"2017",0
"2018",-0.005
"2019",-0.015
"2020",-0.01
"2021",-0.01
"2022",-0.01
"2023",0
"2024",-0.01
"2025",-0.015
"2026",0.005
"2027",-0.005
"2028",0
"2029",-0.01
"2030",-0.005
"2031",-0.01
"2032",0
"2033",-0.015
"2034",-0.015
"2035",-0.015
"2036",0
"2037",0.005
"2038",0.015
"2039",-0.005
"2040",-0.035
"2041",-0.005
"2042",-0.015
"2043",0
"2044",-0.015
"2045",0.00499999999999995
"2046",-0.005
"2047",0
"2048",0
"2049",-0.005
"2050",-0.015
"2051",0.015
"2052",0.005
"2053",0
"2054",-0.01
"2055",0.005
"2056",-0.01
"2057",0.005
"2058",-0.01
"2059",0.005
"2060",0.005
"2061",-0.02
"2062",0.015
"2063",-0.005
"2064",0.01
"2065",-0.02
"2066",-0.025
"2067",0.015
"2068",0.01
"2069",0.005
"2070",0.005
"2071",-0.00499999999999998
"2072",0.00999999999999998
"2073",0.005
"2074",0.005
"2075",-0.015
"2076",0.01
"2077",-0.00999999999999995
"2078",0.01
"2079",0
"2080",-0.01
"2081",0.005
"2082",-0.01
"2083",0.005
"2084",-0.025
"2085",-0.00499999999999998
"2086",0
"2087",0
"2088",0.005
"2089",-0.025
"2090",-0.02
"2091",-0.035
"2092",-0.025
"2093",-0.00999999999999995
"2094",-0.01
"2095",0
"2096",0.00499999999999995
"2097",-0.01
"2098",-0.005
"2099",0.00999999999999995
"2100",-0.00499999999999995
"2101",-0.05
"2102",-0.01
"2103",0.005
"2104",-0.015
"2105",-0.025
"2106",-0.025
"2107",-0.01
"2108",-0.045
"2109",0.005
"2110",0.00999999999999998
"2111",-0.02
"2112",-0.015
"2113",-0.02
"2114",0.015
"2115",-0.01
"2116",-0.005
"2117",-0.01
"2118",0.00999999999999995
"2119",0
"2120",0.005
"2121",0
"2122",-0.02
"2123",-0.005
"2124",-0.01
"2125",0.005
"2126",0.01
"2127",-0.005
"2128",-0.01
"2129",-0.005
"2130",-0.005
"2131",-0.03
"2132",0.015
"2133",0.015
"2134",0
"2135",-0.015
"2136",-0.005
"2137",-0.00999999999999995
"2138",0.005
"2139",-0.005
"2140",0
"2141",0.01
"2142",-0.01
"2143",0.015
"2144",0
"2145",-0.005
"2146",0.005
"2147",-0.005
"2148",-0.015
"2149",0.005
"2150",0
"2151",-0.01
"2152",-0.01
"2153",-0.01
"2154",-0.015
"2155",-0.01
"2156",0
"2157",0.025
"2158",0.005
"2159",-0.005
"2160",-0.005
"2161",-0.01
"2162",-0.025
"2163",-0.005
"2164",0.01
"2165",-0.02
"2166",0
"2167",-0.01
"2168",-0.005
"2169",-0.01
"2170",-0.015
"2171",-0.03
"2172",0
"2173",0.00499999999999995
"2174",-0.03
"2175",-0.015
"2176",0
"2177",0.025
"2178",0.01
"2179",0.01
"2180",-0.005
"2181",-0.015
"2182",0.02
"2183",0.005
"2184",0
"2185",0.00999999999999998
"2186",0.005
"2187",0.01
"2188",-0.00999999999999998
"2189",0
"2190",0.015
"2191",0.005
"2192",-0.015
"2193",0.02
"2194",-0.005
"2195",0
"2196",0.005
"2197",-0.015
"2198",-0.005
"2199",0
"2200",0.005
"2201",0.015
"2202",0.01
"2203",-0.05
"2204",0.01
"2205",-0.015
"2206",0.005
"2207",-0.01
"2208",-0.02
"2209",0.01
"2210",0.005
"2211",0.005
"2212",-0.02
"2213",0.025
"2214",-0.02
"2215",-0.02
"2216",-0.005
"2217",-0.015
"2218",-0.005
"2219",-0.015
"2220",0.005
"2221",0
"2222",-0.015
"2223",-0.00499999999999998
"2224",-0.025
"2225",0
"2226",0.01
"2227",-0.015
"2228",0.01
"2229",0.02
"2230",0
"2231",-0.005
"2232",-0.01
"2233",-0.01
"2234",-0.045
"2235",-0.015
"2236",-0.01
"2237",-0.015
"2238",-0.03
"2239",0.01
"2240",0.02
"2241",-0.03
"2242",0.005
"2243",0
"2244",0.005
"2245",-0.02
"2246",0.015
"2247",-0.02
"2248",-0.02
"2249",-0.02
"2250",-0.015
"2251",0.015
"2252",-0.005
"2253",0.015
"2254",0
"2255",-0.04
"2256",-0.035
"2257",-0.005
"2258",0.015
"2259",0.005
"2260",-0.005
"2261",-0.02
"2262",0
"2263",0.015
"2264",0
"2265",-0.025
"2266",-0.025
"2267",-0.02
"2268",0
"2269",0.005
"2270",0.00999999999999995
"2271",-0.005
"2272",0.02
"2273",0.025
"2274",-0.015
"2275",-0.005
"2276",0.02
"2277",0.02
"2278",-0.005
"2279",-0.00499999999999995
"2280",-0.01
"2281",0
"2282",0.005
"2283",0.005
"2284",0
"2285",0.005
"2286",-0.01
"2287",-0.015
"2288",-0.01
"2289",0
"2290",-0.015
"2291",-0.03
"2292",-0.005
"2293",0.00499999999999995
"2294",0.005
"2295",-0.02
"2296",-0.005
"2297",0.015
"2298",0.005
"2299",-0.01
"2300",-0.005
"2301",0.015
"2302",0
"2303",0.01
"2304",-0.015
"2305",-0.005
"2306",-0.03
"2307",-0.005
"2308",-0.02
"2309",-0.01
"2310",-0.05
"2311",-0.0299999999999999
"2312",0
"2313",0.01
"2314",-0.01
"2315",0.015
"2316",-0.005
"2317",0.015
"2318",-0.01
"2319",0.015
"2320",0.00999999999999998
"2321",-0.005
"2322",0
"2323",-0.035
"2324",0
"2325",-0.00499999999999995
"2326",0.015
"2327",0.02
"2328",0.01
"2329",0.01
"2330",-0.02
"2331",-0.005
"2332",0
"2333",0.005
"2334",0.025
"2335",-0.00499999999999995
"2336",-0.005
"2337",-0.015
"2338",-0.005
"2339",-0.005
"2340",-0.02
"2341",0.005
"2342",-0.015
"2343",-0.015
"2344",-0.01
"2345",0
"2346",-0.02
"2347",-0.015
"2348",0.005
"2349",-0.01
"2350",-0.02
"2351",0
"2352",-0.005
"2353",-0.01
"2354",-0.01
"2355",-0.005
"2356",0.015
"2357",-0.015
"2358",-0.01
"2359",-0.015
"2360",-0.01
"2361",-0.035
"2362",-0.025
"2363",0.005
"2364",-0.01
"2365",-0.015
"2366",-0.015
"2367",-0.035
"2368",-0.01
"2369",-0.005
"2370",-0.01
"2371",-0.025
"2372",0.015
"2373",0
"2374",0.015
"2375",-0.005
"2376",-0.005
"2377",0
"2378",0
"2379",0
"2380",-0.02
"2381",0.005
"2382",0.005
"2383",0.00499999999999995
"2384",-0.00999999999999995
"2385",-0.005
"2386",-0.005
"2387",-0.01
"2388",0
"2389",-0.00499999999999995
"2390",0
"2391",-0.02
"2392",-0.025
"2393",0.005
"2394",-0.00999999999999998
"2395",-0.01
"2396",0.005
"2397",0.01
"2398",-0.03
"2399",0.00999999999999998
"2400",-0.005
"2401",0
"2402",0.01
"2403",0.02
"2404",0.01
"2405",-0.015
"2406",-0.015
"2407",0.015
"2408",-0.00499999999999998
"2409",-0.005
"2410",0
"2411",-0.00499999999999995
"2412",-0.02
"2413",-0.01
"2414",-0.015
"2415",-0.02
"2416",-0.005
"2417",-0.005
"2418",-0.005
"2419",0.005
"2420",-0.005
"2421",0
"2422",0
"2423",0.005
"2424",0.005
"2425",0
"2426",-0.035
"2427",0.015
"2428",0
"2429",-0.01
"2430",-0.005
"2431",0.015
"2432",-0.005
"2433",-0.015
"2434",-0.02
"2435",-0.03
"2436",0.005
"2437",0.0349999999999999
"2438",0
"2439",0.02
"2440",-0.025
"2441",-0.02
"2442",-0.01
"2443",-0.01
"2444",-0.025
"2445",0.005
"2446",-0.005
"2447",0.00499999999999995
"2448",0.025
"2449",0.01
"2450",-0.005
"2451",-0.005
"2452",-0.005
"2453",0
"2454",0.00999999999999995
"2455",-0.01
"2456",0.005
"2457",0.005
"2458",0.015
"2459",-0.01
"2460",-0.02
"2461",0
"2462",-0.005
"2463",-0.04
"2464",0.005
"2465",-0.005
"2466",0.01
"2467",0
"2468",-0.005
"2469",0.02
"2470",-0.00999999999999995
"2471",-0.01
"2472",-0.02
"2473",-0.015
"2474",-0.025
"2475",0
"2476",-0.02
"2477",-0.005
"2478",-0.00499999999999998
"2479",-0.01
"2480",0.015
"2481",-0.01
"2482",-0.005
"2483",0.01
"2484",0
"2485",-0.015
"2486",0.005
"2487",0.015
"2488",-0.025
"2489",-0.01
"2490",-0.005
"2491",-0.01
"2492",0.015
"2493",-0.005
"2494",0.00499999999999995
"2495",-0.00499999999999995
"2496",0.00499999999999995
"2497",-0.02
"2498",-0.01
"2499",-0.015
"2500",0.00999999999999995
"2501",0.01
"2502",-0.005
"2503",0.00999999999999995
"2504",-0.00499999999999995
"2505",0
"2506",-0.00499999999999998
"2507",-0.01
"2508",-0.01
"2509",-0.005
"2510",-0.01
"2511",-0.005
"2512",0.005
"2513",-0.015
"2514",0
"2515",0
"2516",-0.005
"2517",-0.005
"2518",-0.005
"2519",0.005
"2520",-0.005
"2521",0.005
"2522",-0.005
"2523",-0.035
"2524",0.005
"2525",-0.005
"2526",0.015
"2527",0.005
"2528",-0.00499999999999995
"2529",-0.00999999999999995
"2530",-0.03
"2531",0
"2532",-0.02
"2533",-0.07
"2534",-0.005
"2535",-0.005
"2536",0.015
"2537",-0.005
"2538",0.00499999999999995
"2539",0.01
"2540",0
"2541",0.005
"2542",0.005
"2543",0
"2544",-0.005
"2545",-0.005
"2546",-0.005
"2547",0.015
"2548",-0.03
"2549",0.015
"2550",-0.00999999999999995
"2551",0
"2552",0.01
"2553",-0.01
"2554",0.01
"2555",-0.015
"2556",0.02
"2557",-0.005
"2558",0
"2559",-0.005
"2560",-0.03
"2561",-0.025
"2562",0
"2563",-0.035
"2564",-0.025
"2565",-0.005
"2566",0.005
"2567",0.01
"2568",-0.015
"2569",0.01
"2570",-0.025
"2571",-0.005
"2572",-0.04
"2573",-0.015
"2574",-0.005
"2575",0.01
"2576",-0.01
"2577",-0.015
"2578",0.01
"2579",0
"2580",0.015
"2581",-0.03
"2582",0
"2583",-0.005
"2584",-0.01
"2585",-0.005
"2586",0
"2587",-0.045
"2588",-0.01
"2589",-0.015
"2590",-0.005
"2591",0.01
"2592",0
"2593",-0.02
"2594",0.005
"2595",0.01
"2596",0
"2597",0.015
"2598",-0.02
"2599",-0.02
"2600",0.01
"2601",-0.02
"2602",-0.005
"2603",-0.015
"2604",-0.005
"2605",-0.015
"2606",-0.005
"2607",0.02
"2608",-0.00499999999999998
"2609",0.01
"2610",0.015
"2611",-0.005
"2612",0.005
"2613",0.005
"2614",0.005
"2615",-0.02
"2616",-0.005
"2617",-0.005
"2618",-0.01
"2619",-0.01
"2620",-0.02
"2621",0.015
"2622",-0.02
"2623",0.005
"2624",-0.015
"2625",-0.015
"2626",-0.02
"2627",-0.005
"2628",-0.01
"2629",-0.02
"2630",-0.005
"2631",-0.04
"2632",-0.005
"2633",0.01
"2634",0
"2635",-0.02
"2636",-0.005
"2637",0
"2638",-0.01
"2639",0
"2640",-0.01
"2641",0.005
"2642",-0.01
"2643",-0.015
"2644",-0.005
"2645",-0.005
"2646",-0.01
"2647",-0.045
"2648",-0.02
"2649",-0.015
"2650",-0.005
"2651",-0.02
"2652",0.005
"2653",0
"2654",0.005
"2655",-0.03
"2656",-0.02
"2657",-0.005
"2658",0
"2659",-0.02
"2660",0.005
"2661",0
"2662",0.01
"2663",-0.005
"2664",0.005
"2665",0.005
"2666",0
"2667",-0.005
"2668",0.02
"2669",-0.01
"2670",-0.015
"2671",-0.015
"2672",0.01
"2673",0
"2674",-0.035
"2675",0.01
"2676",-0.02
"2677",-0.03
"2678",0.01
"2679",0.00999999999999998
"2680",-0.005
"2681",-0.01
"2682",-0.01
"2683",0.005
"2684",-0.035
"2685",-0.015
"2686",0
"2687",0.005
"2688",0.02
"2689",0
"2690",-0.03
"2691",0.005
"2692",0.005
"2693",0.005
"2694",0.005
"2695",-0.0249999999999999
"2696",0.00999999999999995
"2697",-0.015
"2698",-0.02
"2699",-0.025
"2700",0
"2701",0.005
"2702",0.005
"2703",-0.015
"2704",0.015
"2705",0
"2706",0
"2707",-0.01
"2708",-0.005
"2709",-0.025
"2710",-0.025
"2711",0.005
"2712",0.02
"2713",-0.02
"2714",-0.01
"2715",0.005
"2716",-0.005
"2717",0
"2718",-0.01
"2719",0.005
"2720",0.015
"2721",0.01
"2722",-0.00999999999999998
"2723",0
"2724",-0.01
"2725",0.00499999999999995
"2726",-0.00499999999999998
"2727",-0.005
"2728",0
"2729",-0.005
"2730",-0.015
"2731",-0.03
"2732",-0.005
"2733",-0.01
"2734",-0.005
"2735",-0.035
"2736",-0.01
"2737",0.00499999999999999
"2738",0.00499999999999995
"2739",-0.015
"2740",-0.03
"2741",0
"2742",0
"2743",-0.015
"2744",-0.005
"2745",-0.04
"2746",0.005
"2747",-0.005
"2748",-0.00999999999999995
"2749",0.01
"2750",0
"2751",-0.005
"2752",-0.005
"2753",0.00999999999999998
"2754",0.015
"2755",-0.005
"2756",0.01
"2757",-0.005
"2758",0
"2759",-0.01
"2760",0.005
"2761",-0.005
"2762",-0.03
"2763",-0.005
"2764",0.015
"2765",-0.005
"2766",-0.025
"2767",-0.00499999999999995
"2768",0.01
"2769",-0.03
"2770",0.005
"2771",-0.005
"2772",0.02
"2773",0.01
"2774",0.015
"2775",0.005
"2776",0.01
"2777",-0.005
"2778",-0.01
"2779",0
"2780",-0.005
"2781",0.005
"2782",-0.015
"2783",-0.015
"2784",-0.005
"2785",0.01
"2786",0
"2787",-0.005
"2788",-0.01
"2789",-0.005
"2790",-0.025
"2791",0.035
"2792",-0.005
"2793",0.005
"2794",-0.005
"2795",0
"2796",0.015
"2797",0
"2798",0.015
"2799",0.005
"2800",0.005
"2801",-0.04
"2802",0.02
"2803",-0.015
"2804",-0.00999999999999995
"2805",0.015
"2806",-0.005
"2807",-0.025
"2808",-0.01
"2809",-0.015
"2810",-0.015
"2811",-0.035
"2812",0
"2813",0
"2814",0
"2815",-0.01
"2816",-0.01
"2817",0
"2818",-0.005
"2819",0
"2820",-0.01
"2821",-0.01
"2822",0.01
"2823",-0.02
"2824",0.005
"2825",-0.00999999999999995
"2826",-0.005
"2827",-0.005
"2828",-0.00999999999999995
"2829",-0.02
"2830",-0.005
"2831",-0.02
"2832",0.005
"2833",-0.005
"2834",-0.005
"2835",0.025
"2836",-0.00999999999999995
"2837",-0.025
"2838",0
"2839",0.01
"2840",-0.015
"2841",-0.03
"2842",-0.01
"2843",0.005
"2844",0.01
"2845",0
"2846",-0.015
"2847",-0.02
"2848",-0.01
"2849",0.00999999999999995
"2850",-0.015
"2851",-0.015
"2852",0
"2853",-0.02
"2854",-0.005
"2855",-0.00499999999999995
"2856",-0.03
"2857",0.01
"2858",0.005
"2859",0
"2860",-0.005
"2861",0
"2862",0.005
"2863",0.01
"2864",0.02
"2865",0.00999999999999998
"2866",-0.0349999999999999
"2867",-0.025
"2868",0
"2869",0.01
"2870",0.025
"2871",-0.02
"2872",0.005
"2873",0.02
"2874",0.01
"2875",0.005
"2876",-0.01
"2877",-0.015
"2878",-0.02
"2879",0
"2880",-0.03
"2881",-0.00999999999999995
"2882",-0.015
"2883",0
"2884",-0.02
"2885",0.015
"2886",-0.02
"2887",-0.025
"2888",0.005
"2889",0
"2890",-0.005
"2891",-0.00999999999999998
"2892",-0.005
"2893",0.01
"2894",-0.015
"2895",-0.00999999999999995
"2896",-0.01
"2897",0
"2898",-0.02
"2899",0.005
"2900",0.01
"2901",-0.01
"2902",0.005
"2903",-0.01
"2904",0.015
"2905",-0.005
"2906",-0.01
"2907",0.015
"2908",-0.02
"2909",-0.01
"2910",-0.035
"2911",0
"2912",-0.005
"2913",-0.005
"2914",-0.005
"2915",-0.01
"2916",0
"2917",-0.025
"2918",-0.045
"2919",0.005
"2920",0
"2921",0.005
"2922",0
"2923",-0.01
"2924",-0.015
"2925",0.01
"2926",-0.05
"2927",0
"2928",-0.00999999999999995
"2929",0.02
"2930",-0.02
"2931",-0.025
"2932",-0.055
"2933",-0.03
"2934",0.01
"2935",-0.015
"2936",-0.015
"2937",0
"2938",0.025
"2939",0.025
"2940",-0.015
"2941",0.02
"2942",0
"2943",0
"2944",0.01
"2945",-0.005
"2946",-0.035
"2947",0
"2948",-0.005
"2949",0.00999999999999998
"2950",0.005
"2951",-0.00999999999999995
"2952",0.005
"2953",-0.03
"2954",-0.00999999999999995
"2955",0.00499999999999995
"2956",-0.01
"2957",0.005
"2958",0.005
"2959",-0.02
"2960",-0.005
"2961",0.005
"2962",0
"2963",-0.02
"2964",0.005
"2965",-0.01
"2966",-0.04
"2967",-0.015
"2968",-0.03
"2969",-0.005
"2970",0.01
"2971",-0.005
"2972",-0.005
"2973",-0.025
"2974",0.00999999999999998
"2975",-0.015
"2976",-0.005
"2977",-0.01
"2978",0
"2979",-0.01
"2980",-0.025
"2981",-0.025
"2982",-0.025
"2983",-0.005
"2984",-0.035
"2985",-0.01
"2986",-0.025
"2987",0.02
"2988",-0.03
"2989",-0.005
"2990",-0.02
"2991",0
"2992",-0.015
"2993",-0.005
"2994",0
"2995",-0.025
"2996",-0.01
"2997",0.005
"2998",0.04
"2999",-0.02
"3000",0
